-- phpMyAdmin SQL Dump
-- version 4.9.2
-- https://www.phpmyadmin.net/
--
-- Host: 127.0.0.1
-- Waktu pembuatan: 20 Des 2019 pada 16.19
-- Versi server: 10.4.10-MariaDB
-- Versi PHP: 7.3.12

SET SQL_MODE = "NO_AUTO_VALUE_ON_ZERO";
SET AUTOCOMMIT = 0;
START TRANSACTION;
SET time_zone = "+00:00";


/*!40101 SET @OLD_CHARACTER_SET_CLIENT=@@CHARACTER_SET_CLIENT */;
/*!40101 SET @OLD_CHARACTER_SET_RESULTS=@@CHARACTER_SET_RESULTS */;
/*!40101 SET @OLD_COLLATION_CONNECTION=@@COLLATION_CONNECTION */;
/*!40101 SET NAMES utf8mb4 */;

--
-- Database: `mtravel`
--

DELIMITER $$
--
-- Prosedur
--
CREATE DEFINER=`root`@`localhost` PROCEDURE `jlh_paket` ()  BEGIN
SELECT COUNT(*) AS 'Jumlah Paket'
FROM info_paket;
END$$

DELIMITER ;

-- --------------------------------------------------------

--
-- Struktur dari tabel `admin`
--

CREATE TABLE `admin` (
  `id_admin` int(11) NOT NULL,
  `nama_admin` varchar(100) NOT NULL,
  `username_admin` varchar(20) NOT NULL,
  `password_admin` varchar(20) NOT NULL,
  `images` longblob NOT NULL
) ENGINE=InnoDB DEFAULT CHARSET=latin1;

--
-- Dumping data untuk tabel `admin`
--

INSERT INTO `admin` (`id_admin`, `nama_admin`, `username_admin`, `password_admin`, `images`) VALUES
(101, 'Willi', 'Admin101', '12345678', ''),
(102, 'Alvin', 'Admin102', '123412', '');

-- --------------------------------------------------------

--
-- Struktur dari tabel `hotel`
--

CREATE TABLE `hotel` (
  `id_hotel` int(11) NOT NULL,
  `nama_hotel` varchar(20) NOT NULL,
  `deskripsi_hotel` varchar(100) NOT NULL,
  `images` longblob NOT NULL
) ENGINE=InnoDB DEFAULT CHARSET=latin1;

--
-- Dumping data untuk tabel `hotel`
--

INSERT INTO `hotel` (`id_hotel`, `nama_hotel`, `deskripsi_hotel`, `images`) VALUES
(3456, 'Hotel3456', 'Hotel lama', ''),
(4567, 'Hotel4567', 'Hotel', ''),
(7482, 'Hotel7482', 'Hotel baru lagi', ''),
(7743, 'Hotel7743', 'Hotel baru', '');

-- --------------------------------------------------------

--
-- Stand-in struktur untuk tampilan `info_paket`
-- (Lihat di bawah untuk tampilan aktual)
--
CREATE TABLE `info_paket` (
`Paket` varchar(100)
,`Hotel` varchar(20)
,`Transportasi` varchar(100)
,`Jumlah` varchar(200)
,`Harga` int(11)
);

-- --------------------------------------------------------

--
-- Struktur dari tabel `jual`
--

CREATE TABLE `jual` (
  `id_jual` int(11) NOT NULL,
  `tgl_jual` date NOT NULL,
  `id_paket` varchar(100) NOT NULL,
  `id_pelanggan` int(11) NOT NULL,
  `id_admin` int(11) NOT NULL,
  `keterangan` varchar(200) NOT NULL,
  `jumlah` int(11) NOT NULL,
  `total` int(11) NOT NULL,
  `images` longblob NOT NULL
) ENGINE=InnoDB DEFAULT CHARSET=latin1;

--
-- Dumping data untuk tabel `jual`
--

INSERT INTO `jual` (`id_jual`, `tgl_jual`, `id_paket`, `id_pelanggan`, `id_admin`, `keterangan`, `jumlah`, `total`, `images`) VALUES
(324, '2019-11-04', 'ID2345', 981, 101, 'Transaksi', 350000, 350000, ''),
(327, '2019-11-12', 'ID1234', 483, 102, 'Transaksi ', 456000, 456000, '');

-- --------------------------------------------------------

--
-- Struktur dari tabel `kendaraan`
--

CREATE TABLE `kendaraan` (
  `id_kendaraan` int(11) NOT NULL,
  `nama_kendaraan` varchar(100) NOT NULL,
  `deskripsi_kendaraan` varchar(200) NOT NULL,
  `images` longblob NOT NULL
) ENGINE=InnoDB DEFAULT CHARSET=latin1;

--
-- Dumping data untuk tabel `kendaraan`
--

INSERT INTO `kendaraan` (`id_kendaraan`, `nama_kendaraan`, `deskripsi_kendaraan`, `images`) VALUES
(2345, 'Kendaraan1', 'Kendaraan', ''),
(2346, 'Kendaraan2', 'Kendaraan baru', '');

-- --------------------------------------------------------

--
-- Struktur dari tabel `paket`
--

CREATE TABLE `paket` (
  `id_paket` varchar(11) NOT NULL,
  `nama_paket` varchar(100) NOT NULL,
  `harga` int(11) NOT NULL,
  `pax` varchar(200) NOT NULL,
  `id_kendaraan` int(11) NOT NULL,
  `id_hotel` int(11) NOT NULL,
  `id_wisata` int(11) NOT NULL
) ENGINE=InnoDB DEFAULT CHARSET=latin1;

--
-- Dumping data untuk tabel `paket`
--

INSERT INTO `paket` (`id_paket`, `nama_paket`, `harga`, `pax`, `id_kendaraan`, `id_hotel`, `id_wisata`) VALUES
('ID1234', 'Paket 1', 456000, '3-4 Orang', 2345, 4567, 0),
('ID2345', 'Paket 2', 350000, '2-3 Orang', 2346, 7743, 0);

-- --------------------------------------------------------

--
-- Struktur dari tabel `pelanggan`
--

CREATE TABLE `pelanggan` (
  `id_pelanggan` int(11) NOT NULL,
  `nama_pelanggan` varchar(100) NOT NULL,
  `alamat_pelanggan` varchar(100) NOT NULL,
  `telp_pelanggan` int(20) NOT NULL,
  `images` longblob NOT NULL
) ENGINE=InnoDB DEFAULT CHARSET=latin1;

--
-- Dumping data untuk tabel `pelanggan`
--

INSERT INTO `pelanggan` (`id_pelanggan`, `nama_pelanggan`, `alamat_pelanggan`, `telp_pelanggan`, `images`) VALUES
(483, 'Sutarjo', 'Jl.Baru', 8738783, ''),
(981, 'Suryajana', 'Jl.Lama', 8723345, '');

-- --------------------------------------------------------

--
-- Struktur dari tabel `view_jual`
--

CREATE TABLE `view_jual` (
  `id_transaksi` int(11) NOT NULL,
  `nama_pelanggan` varchar(100) NOT NULL,
  `nama_paket` varchar(100) NOT NULL,
  `jumlah` int(11) NOT NULL,
  `harga` int(11) NOT NULL,
  `total` int(11) NOT NULL,
  `images` longblob NOT NULL
) ENGINE=InnoDB DEFAULT CHARSET=latin1;

--
-- Dumping data untuk tabel `view_jual`
--

INSERT INTO `view_jual` (`id_transaksi`, `nama_pelanggan`, `nama_paket`, `jumlah`, `harga`, `total`, `images`) VALUES
(77234, 'Sutarjo', 'Paket 1', 1, 456000, 456000, ''),
(12341, 'Suryajana', 'Paket 2', 1, 350000, 350000, ''),
(11300, 'qqq', 'medan1', 200, 300000, 50000000, 0xffd8ffe000104a46494600010101006000600000ffdb0043000302020302020303030304030304050805050404050a070706080c0a0c0c0b0a0b0b0d0e12100d0e110e0b0b1016101113141515150c0f171816141812141514ffdb00430103040405040509050509140d0b0d1414141414141414141414141414141414141414141414141414141414141414141414141414141414141414141414141414ffc000110800c8012c03012200021101031101ffc4001f0000010501010101010100000000000000000102030405060708090a0bffc400b5100002010303020403050504040000017d01020300041105122131410613516107227114328191a1082342b1c11552d1f02433627282090a161718191a25262728292a3435363738393a434445464748494a535455565758595a636465666768696a737475767778797a838485868788898a92939495969798999aa2a3a4a5a6a7a8a9aab2b3b4b5b6b7b8b9bac2c3c4c5c6c7c8c9cad2d3d4d5d6d7d8d9dae1e2e3e4e5e6e7e8e9eaf1f2f3f4f5f6f7f8f9faffc4001f0100030101010101010101010000000000000102030405060708090a0bffc400b51100020102040403040705040400010277000102031104052131061241510761711322328108144291a1b1c109233352f0156272d10a162434e125f11718191a262728292a35363738393a434445464748494a535455565758595a636465666768696a737475767778797a82838485868788898a92939495969798999aa2a3a4a5a6a7a8a9aab2b3b4b5b6b7b8b9bac2c3c4c5c6c7c8c9cad2d3d4d5d6d7d8d9dae2e3e4e5e6e7e8e9eaf2f3f4f5f6f7f8f9faffda000c03010002110311003f00f37a969be5fbd3abf7b89f80d6f889e29b2718ebef5ab64b248c0a0fad67a282a0919cd58b4bc96d3eeb7d6a5bb949b5ba3a9d2b5578eea2170d84073f5af5df869e28b15be5b6b850db8e5243f740af0e5f10858cab401c9ee0574ba078f34db2b88dae60556420971cd79f89a3ed29d8efc2d77464aecfb3f45d4ed2ed9555418cf61c57571e996973b76e47ae0d788f80bc6ba16bba6dbbd8dec7e791868d9806cfd0d7aae9b79be15911b77a8f435f0589a3ecea72b5667dee1ebfb5a69dee8e97fb13cd8f617403bf3d6b9dd73c1f15c2b7ee0073dd7803f0ad6b3d4e5824fbc5f3ea6b62caf91f3c633ef5e67b495269dcf46d19fbb63ce20f0525bcd875c8f5c74ae9f49d1d74660c1720742fce2ba36b7469038e08e955e4b18e5c161961ebd0fe14e55e75172bd83d928ec49b3cc2b203f29e94f4b74b85057b75aa53dc25aed4438029d1eb8b1676b2027ba7515838b96c6aa4a3b9a9fd99e4c7bbcc55cf635105917a0c5568b598d97265dce7dbad5a8ef048b90bfad43525f1169c5fc23d24db9e334f0af719d8000a32cccd8007d6a2ae57e226a97fa4e86925a1fdc9902ce07de607a01f8d3a707524a11dd93397245cad7b1d33c70cc2410dca492447f7898208fcfad64dd6bba1c4515b5278a423250a8c8f638c579c7867e2e258b086e14abcb310ef8e8a411cd707e29f1bc8dad4925aa868cfa0af4a9e5f3727191e5d4cc2318a715a9f43ff00638d4238a6b2ba86e526fba33b4fd31f4cfe5552fbc353c2de5c4de7ce064a280011ec73fcf15e3bf0c7e245ce9baf42267125b4dcb23f2149ee2bd4afbe23bd95f088c90cb0ee0186327e95152857a13b2d4b8622857a77968ce6afed666671e4c9f2fdec21254fbe2b9dbae588f5aecf59f1f5e5e5d6203e55b229fdda1ebc63ae3deb22f748b8974f5befb3ac71ba8dca08043639383ea79aeca7371579ab5cc2714dda0ef639266dd551d4b630db6b626b3fdd9f96a9c9118f19ef5e8739c328d8cf469173938a624e5739f9aae79998f630ca8e9ed59d3c476b01ce2a93b99356164612e307a552b85962607aeea4fb53ee23d2a16be3232aaee676385551924f60075eb8aa306ee741e32680f82238f4c8ff00785d6495c9c9c8ed5e573eb3a9ba98679fcd0000a01c85c74e6bdba2f0969fa569220d7de417130123431498118ec09e493d73cfa5608f8402fae15b4db87685d72b24ebb550773819cf6ace8d784134de83ab42a4dab2d7b1e3f2eab7d70b1da953300c318fbd8feb4ef13e8179a75ac42ea23048ebbfcb61c807d6bdef45f09f877c1119ccb6da86ac14b79d2f001ed81cd78dfc48d7e4bed4a78e66deb192bd873dfa0ae9a75f9e7ee6c8e7786f671e69bd4f29bd436cc5987cbeb58a66324c41ad9d4d05d49c0cff004acc48911b38cd75395c518926cd8a06734cdd79ff002c9be4edc537ce03af15721bcfdd8f9ab9dbb9b1cb226ecf38a7c6811719cd36564e3e6fd2ac4472b9f5afb54ac7c75492e6761f53249bb3c6298613db9a9fcb7fee54356127719b4547e403d79ab889bb3ce2a48e0419e29146759df5ee93309ece6781d7a6c35ed7f0dbf680bcb654b3d5df0e31b675e878c1cfe42bc8dad76e3e4fd692180c120755e45615a853af1e59a36a588a98792941e9d8fb9fc35f11ed3588526130901e8c0d77b65a8dbddae5254c9ed9af8f7e1d4ef35bc600915df1bd4b6066bd9f45d2b584b6496d6e097ed113d7fc6be271997d2a727ad8fb8c1e367522af1b9ef16f8f2c61837d0d53bc9a5b752338af33d27c55ab58cc23b8b77931f7820008fcfad759a7f8badefe38c323b492b796223c63f1fe95e254c3ca17ea7b51c4c65d2c49772799bc96dcddcd57f3d3fda1f518a96e6c4b4ce0e7e538f94f7f4aa134323487691347e84e7154646cc1e4c98dcd8cfb56fe9d1451e3ca60d9eb835c5c01c463f86b5b4f8ee776622779e815726b0ab0bc7736a73d6f63b092e20b68cc970e238c100bb1e0560eb977a7f88ece6b7b598e223bd8af7ff6bf0a9350b98059b586ad3a590b80635936f53f9d676bd79e1ff0fe936eae6396065f9648642a5cfeb9f7e6b9a9c7964ad7bf4b1d356a3707b25d6e783eada267549dfcf58d771ce0d605f5e5958f970a5b8674249980f998e73f856d78a35cb71a94925b65213f7430e71db35e73abea045c329e3debee28c7995cf88a92717646c585f18667915fe6ce7a576a3c656dad4714376638a78800b360038f7c0e6bc7e3bb90670715a36175f67b81bdf0e7a7b51568a959bdcca95571bae87a943e2c1a4c8aed89514e486e87d8fb56f4df122e2f64b7b9ca4463fdd8f2c602a9ed8fae6bc5f53ba797e60fb89e83154f4cf107d8eea237818c20e4e3bd7354c3d36aed1dd0c4ce2ec9ee7d189670eb91cb7b63a840b00e5cce7cb01bfba0735cdcb2386c30e9ef5c669fe31122dd5b5823ac32e1339249c1cf7ae8ee754214962379003606390306b8553a8b7d8edf6d196bd47cd2e7298c7bd52b9be31c7c054cfa0eb55e5d430b9cf4aa6d7059a3450d33330c228e49aeb8ae539652fe563aebfd2ae22860065794854551f3127a003eb5eade09f86f6de19bcb6d4f5abc4fb726645b55219178ee7d7273907bf7abba3e83a2f87648b54b8d26082eadc798ae256628d823ee86c6704fe75cdf8d75e8e6923b9b399d777c8c01c9c579b52b3acf921a23b29d354573bb37f91378ff00c4363aa48eb01dd8c60e7b0aaf75a9dd0f074324064b62ff002896461997071c7fb3fcf3ed59fe15d022f10dc4ef75318e384aefc0ce7be3af53d3f1ac9f8a7e26233144bb022ec58a31c281d2af9536a9c375b8b9a4d39cb6679b6bba95eb5eb33caed9ea73deb92d5125918b3b1763dc9abf35d5c9dd23a9d99c863d3f0ac9bebdf31738cd7a91563cb919925bef19c6edb5997968218f91d6b7d2f6dedfcd5b8255b69da806493efe95817d77e72bc848207500e587e15a3772a307d4cd78de5da91aee76380a3a935da681f0edef34d49af5de199c93b37741daa0f047836eb58ba49e351f2f42dc019f7af499bc1b3f9876de328f45e95cb52aa8bb26762a6dec787687776fa6de8927d3edb55848c34570180faab29041f7ab9ac4da5ea9245369da50d2a50b89a38a7692227b150dcaf1d464f6a778bfe14f8cbc0b7863d4b46ba8b19293a465a3906339561d78158765752c5b77a15cfad7de53e4a969c249af2773f39ad39526e1522e2fccbab0baf6ab1e5b1e83352db3ef52718ab7b13fbbfad22a3228aaeda53b3f8bf0ab43649f7485c7a9a44b7375710c2ac8864758c34870a0938c93d87bd01cdcc5ff000bf84359f1b6a0d65a0e9b3ea974abbda3840f957206492400327b9aebb5cf80be35f0af83ff00e124d46c23860472b35a336e9e14dc1448ca38db9f42700827839af55d23c2da5fc27f0ac9069baaa6a3e219e74967bf854a111aa9db12f27003331dc31bb8cd6c785fc4379797d0c9703ed8806d68a41b91930410c3b8c1e86be62ae655f9dca8a5c89f55ab5fa1f4f472ea2a1c959b73b747a27e9e47ceba078f26d3ae114431c69ea09feb5f4f7c31f1409ac226b899115c02837eec0e7debc2be387c29b6f87fa9c37563a8477163a93c925b5b363ce85060e1c8e0804919e7a735c6e8de2ad4b4c9234497007d47f235d5568c332a3ed60ec99c7471b3cbab3a357568fb9aeac2cb58559622864273b9475ac3f1618974479ad25db7d6d282fb06338ea3eb5e55f0b3e245eddeaf6b6b232a81991ddbe645551924fe15ea5e34d463d7ac7708a4bc74c7cd1a797cfb8c66be46b61ea616b724de87d951c4431545ce3b9afa5f8d34eba82d02dbe2edc00cc9213f37738cff003ab366d3ea5a84b19f223b58c6659251964f6c77e6b83f00dbb59f88376b10f916ca0a018e87d7f415eb3aeea16efa2b456e9b5255ca480609cf535c756d4e6947767752bd48393e864eb909d0ed52f19967b1760a268cf0b9e991db9e29749d71af95e0d32744bb61953b876f73d2a8da5bc8da4dcc735d7996522bac900059f6ed39c01df8cfe1587278f53c3fa5dbd8697aa97448cc452589519587fb3ce0fbd4461ed23cab577f904a766a77b2fc6e3fc4be29b8d11b1e23b75d42419585612ad1e0fdec1cf04006b8cf107c59f0f6af6d2db5c694eaab9480c2fe5ed1df8ee73dcd61fc42f135ede4313dee0655c4207f10ddcb7e2735e5e49ba624b2ab7604f5af6e8e123652968d76d8f17118b9a9382d8eab52ba8265dd1c85c7a9ae6ef53386cfe154e59670d8938c74aa977a8ff0e7f1af521ee1e44fdf7725470928078a92e6e1d7e6cfe158d248e71cd134e8621cfce7f86a9cae69c85e7d4f62939cd69e81a78d798a9e48c607a572f6919bf9846cdb477e335ea3f0ff004afb2b21dbd3f5ae4ab51a8e86f463ef9d1e95e0cbbf09e9bf6bb9b40af210222e7905b3cfd71fceb7759f01eb1a5daaca44776fc6e8ad5b7b203ebe9ce2bd0f43d6e286d639164599dbe47563903352deead6f04d35c41c1d840e78fa9f5af01e32a737e7e67bff005584a3aec797597836f22ba97fb4ed67fb347803c8232ec4e0608cf1eb445e06b95d445c25ca59d8a3868e6972cc08390a0773ee7039af433ad596a16be61b9589c905943641ac3bbd2ae0dc478d63ced3c9deea63dcca3b00df5fa75ad7eb2defa187d594765739fd752fb4ed2ef1de6fb4472362058b863ee476ae6accad9c3ff13175499c10b1804b0fa802bb9d63c45a6e9d0bb213320c65a41f31e00e9d3b5787789fc7165fdb46e2001821c8dcb804fa514a57560ad0e5f78f6ed2a38f40b17b891d4e3387ec09ee7f0ce3ea6bcdfc59e32b1d93c86e125c8c610e71f5af37f147c5eb9d4adcdb970a83180a78007b579cddf89b66198ef0482eb9e18020e2b5a74dc5f34b73394b9b45b1e837be29bdd4e30b6f658807dc7d8547e64555d76e6de4991639b7cc54799b1f201f4271d692e7e375bc9a6c705b59a46f1260efc0191db8af2fd5fc492df5e3cde66dde49c47c0fcaba799cb75621c794efeff498ff00b463860ba496391771e795fc2afc7f0fa3bd923305c924b02c656c2afbfbd78f278aee6de6128918b9ee4d6eda7c4ed4d38832f9fe222b49b9772e093dcfa1f4b6b4f09695f675b9dd21cee9075cff004ac1b9f17ee989fb4a57864fe30d53535613dc13f4e2a28ef1d941f39ff3ae6f67e674739f5468bfb576a312f95ae68d06a36bff003cc61b3e9c30c5715f14be26786fc75a6c76ba569375a26d60c6dd3cafb3e4124e140f94f3d4572f7ba1a43750243722486700c6cdc1f7e3b76ae9b4df06f866d2c1c6aba8eed465236a40062319ce4823af15f5f4e860f0b255a0acfcaff95cfcdab6231f8c8ca9d49271eeecbf13cda393c9dbf3631fad5b17b3b28653953deae5f5923df7d9c6550c8115dd4020138c903b57d7ff00097f67cf0b7857498ee7568135fbd461746ec9291065395458c9e40f520e4e7a74ae9c7e654b054d4e4aedec8c32dcb6be615251849251ddbe878c7c19f855e1df893a16a116ad797da5ebf1ce624cb208d06df9331b007afa9078ed5e73e33f09ea7e03d764d275ab436f72b9287395913240753dd4e0e0fb57dbda869f67e22d5e1bc9d324370aa4a853ea48a8f5cf0ce8fa5eb961aeded95bdd6af0218adee655f3408b393b41e0b73c1ed9af93a79e4a15a5296b177f77b3f27d8fb2a990c2a518462ece2ece5dd77b753cb3c15e1dd1348f03e8f6fe22beb9fed3f2838b7b5501a046f982bee049600f5e3ae3b5683e84fa35d4290cab3c127efa19c0c1653ea3b1f6ae13c5f79716fab5ddf4ac58cf3993e6906ee493c819c819eb5b3e16f104568d1cd2dcf998e1573fa56727277a97d1f4ff0023ba9fb356a56b5b67d7e665fed0b0dfeab1f86e2fb4f9b22b3c36fa50426477638de800e41000393e98ef58f71fb2ff008d174db495a1b337331c4b67f69512db8f56cfca7823382715f4de87ad69fad0b7bebad0eceea7893cb8679a304a8ddbb818c0e71c819a875dd437cde72c6f1a22972aac5b0df535cb0cdeb518c68d28a56bdfa84f26a35a52ad564ddeda6d6397f0afc17f0ffc3d853558eed24ba8e11683ed2e08249cbc840eac7185f41c735acbaa46ed2ea1705e2b3c85560fb5a439c1f971d01ef5cf9d686a3b27d5dfecf652b1d88a0e1b6b719c74e7f3acbf1678821d3ede3681c046258a8185258e4f1d07d057339d4ad2bd495df73d08c29518da0b95763d221834dbe63700e1274c0691c95faf3dc1c5676bb7c34db3905c5cfda5c03e532390a83e83f9579247e3ab97da9237c9d867ff00ad576c3554f11eb304972dbeced51a696dc127cc0a32147d4e320726a1d1945f34de88d655d4972c7767a8f82679469179acde9c5a1fdd40c78676ce3201edc8eb8af27f8896e34ed6638ed435fc933062a461999892401cd74b75f172c62b792db51d39dd2052d6f103b42f18036fa631c7b57905cf8cae6ef5dfed342d17964bc44f3d4600fcb35b61a2e327267262671718c6fb1a5e36922b2b4b6b89189262de626fbd19ed935e7a9aafda26011f6e7af7ab1e33d7b50f13dd3cd2bfdf3b5553800564d8e937b0b01140f2e4066d83a0af629cd42294b73cc9c6ef996cce8d9a5921952d835c2952ae5930403df19e31580970904fb65e4ff2addd2bc44ba6fda6d2440649222bf3741ef5cd5fd99b8679e43f376006493571911ca2dedf46f86073ed553ed4646008ab62ca28ac58b733353ad34f175c9d912f63eb52dd86958934fb84859181c9ec6bbdd1fc5896b6e479b8c7f18eb8f415e7af6522b600dd8ab5a64523dc408dbd91986e54ea456151dec744558f7af0af8904b1aec4917cc5de095e0fe35d769e977aad9bc92c8d6d0b6546eea7dfe95ca6857ba6e8b636d0b04428b80ae7a0f4a9352f16adced78e68e28d06383cfe35e0549de4f43dda71f716a6b69fe1882cf5232dd5cb4f020c88c7f19ec0d6d3eaba4c91cde60f2c7ddc06385fcb15e6e9e32fed4b7686ce5692e3714e51802c3b0e2a8cd65acf939954203d558f23ff00af59c94a4ef26526a3b20f895e31d3a6b7974eb348c277651fcabe76d7267590eddc3e8335ec171f0cbc45ab48f2b916f1b7663c915734bf83b1c8c3fb4e511a20ce07decfa6735d90ad0a4adb984a94a4ee7cc57d717273918aab0693a96a3bde285dd5464f1d057d8fa37827c0b0c72bcba7472491ff00cb47fba7ea2b3759d0b45d46dca78764fb13c6d9654c796e3f1ada38a8c9dad6339529c55ec7caa9e06d526532ccc96c8412a5f9c9f4acc9fc37aa42cf881dd14e3781c1af77d7f40d534bb533dd10e9bb6e15c13f519c572b25e74f9abd385355173465a1e54ab38be5946ccf3cd3bc117d72cad3aac00f4ddc9aed743b1fec5b530cbe5cb9390c179fc69cd70cdde98f74ab8c1c66ba5535d4c1e25f445d76b7752a618c83d415cd0b6164cb9f253f2acdfb6245ef9a952792550c11c83df143a49ee0aa4bb9ee9f0d34ad26f966ff00894a6ab105519988dca7ef11823eee71d3071c57a606f049bc8e7bcd221b1b98582ba5bc0bc30ecc318e0e3815e33a1697aa69f35b886e0db4728c89a22723f0041ef5dd78734ab8b3992eb54b9fb4cd3ffcba4a300a1fbacdce791db8c7bd7162d7bee4a7f89785764a2e1f82d0a5af783acfc49f1163bb5b748ed1c998a3a6c86641d4fca0824e7ee81f95757abfc62bbb4bc36f0cbe5a4240181f780000c7af029abf14745d0a192d05ac6278d8fcb01055477382707f2af38d53c49e1dd62f263756f323b8c24b0f217fe024e3f2ac65ed710a2aac5da2ac8b83a18672f6534a527767a3e93f11aeae6e2448c7972672bf26739ae8b57f1ddf69f0adebcac0229c8538181d2bc34f8d0e96a16d1cdcc7fc2193691fa9addd33e20c7e298d2cb5702185d769994e481f4ac2587b2e671d11d74f1575cbcda9c9ddeb377e3af1588ad210f757737971c71285504f7381c0f538ae82e3c3379e15d6069dac6db29c80cb223878d87a861d79e3f0a96292cbc01ab19ace68e74787cc2f0c7fbc2add7afd2b92f1e78e62f10ea505cdb9b908aa07ef988071db6f41f85763751b8a4ad1b1cf154ed26dde573de345bdb69d6ced6d755d890756439fad74d3f895edd5a4b747bd8e2f94cb202030f53915f30691e2c6b38c3a372411d6bb3d3bc6f7579a632bcb32c5b42ee20953f90af2eb61df3e87a54b1092b33a9f1dfc44d2af2395636dae083e58185cf71eb5e3faaf8daeeee6112dc131a317453d10fb5364d42caea4717910336e3f3a9e09a9dfc092df2f9f0279d0b80565456c81ebd2bbe9a8d25638a727377675563e07d5752b1d3afa1d46cee92e177ca904b992dc671f3afad7a5f8761f0b782f52b5b6bb82e6fa775f3a6b99423c6076509d863ae7d475af22d26dee74bb88523768a341b4ec91b247bf35d0dc6a31ddcc0184cae17602c39c573d5a32acb979b42a1888527cd15a94fe26c16ba9789eea5d3ae47f67a12c1c9da08cf0a07b0e2b85b994cd9585f08bf7b8e82bbcb9d212ead5acd6da42e1befa8c90474e7a579878b2eecbc3f70f15ceb7656b2b82be55cdc2465cf6037115ad29c28c1466ec9756295eac9c92dcdd6860b4995a59158b80548edc826bb8d475cd3b48f0f5d8d1a68fceb809e61eaca4af2173fd735e2da46af2ead6e1ade449a0909885c44e1909ee030e339c7e75d04116aa54c56f61733f97f7b682e54fbe0544a4a76717746b1a6e17badcaf0c91b5e3cb221dcf93cf1d7bd66eb3e2011dc10ccaa54636a8c0ab7a9691aeeacc562d36e8150061a320feb5cb6a9f0fbc4eb8ff004094e4e3014923eb8aeb8d54f73274dad899fc4897120694e71d066ae41e278e16555200f41c560eabf0cfc4da6599bb9a18c5b202cf279800403bb67a560c9a7ea31daade4a556da452e926e5c3a8382579cb0cf71e95153114a9a729c924bbe811a356a351845b6fb1e8d16bb16ddc640abd49638005529fc73a5d8ab117265ffaf743203f88e3f5af2abcbaf3afad6cee92792175cef8833449e9b8a83927b0f63cd711f113c31afeb17fa6c7a15d4aa9116f325f30a851f2f3c74efeb5f058ce295edbd8e192b7f33dbe47d9e1787d2a5ed311772ecbfcceca6f12f8c63f895fdaba66bdabde682efe6496d75e5b29e0a950a5c6060020edefd2bbab8f8d3af5ac9fb8d3ed913d6790c847d70c067f0ae1ad34fbeb0d36182e24f39e350ad33701ce06481f5c9fc6a9cba74e76a06dc58e482598311f5af8da99e62e6dc633514fb7fc13e9e395e1534dc2f6ee74b27c6ff16ffc23ba8e88ba8411d9ea72cb2cdb205690170030573928318036e318e315d1e8dfb486abfdbba7dfea487ccd3ed059ac165308ed5a3008c188a90a4e7ef29078ef5e650e9fe5472e5308a493cf5a925b0b7691163b448646042b39da40e39f6ac3fb52bd195fda36fcf53aaa6030d256703d974afdaf75186671abe9a9750997311b2b809b1090141520e48e724b0cd5c6fdaa7ed1af958c3db68d34077493444cd1cbbb1b70acc1971ce40af0fd43c3be4c2a1093bf19c36463ff00ad55db459228cfda237960652a5a34276e7d8576d1cef109293926bcd1c73cab0d356b5be67b36a5f1d2d2e97519e0b973f65f2c928eb1f9c1c64150c416c770067d01ad487e21456166b38d6ed9629409017b95427233d335e056d6f0a4648592174180ed819cf7383eded516a3e1ff00ed2b0093319d95811f6655420039c743f8d7ab4b8a9d27cb569a6be678f88e1f8d4f82a38fe27bfdff00892f2fed638e498cd19c382dc86f43ef58be61edc579dd978b350d3e18a1101102280a26704018c01f4e3b8ef595e23d7c4b71697f7eb042b6a49520724e303a9c9c7b57d4e1f8cb05c8972352ec92b7e07cad4e17c57b569cd35defa9ea726f2b9dfd3daa161bbbd70f71e2c7d4ad52fadeed22846721776594fa83f4a9fc3fe3cb8d421694246f1e701db081bf2c815db1e32cbda6e49a4bad8e67c318d493babfa9dbc16524bd149cfa0ce2ba2b3d26efecebfbd897d98f35e7f7de38b8b5842dbdc59dbb679767562c3fba1720f35e77aa7c41b3babe965706f1d8e5a5f3d979f4c5706238c30b2b7d5d392fb8da96435a9ab56697a1fa00daae8da0afd91ad43dc8dc8972d236e739c723a66b95d6af2d2f2ea1beb392e43e0865970ea4f18c107eb5f2069be38f11dacca60d62ea641ff3d5f7ff00e859ae862f8abe2b8b25f564971d53ecf191ff00a0d7d3c3d9c1f34ddd9c3568d692e5845247d2dac5b59dfb41741fce99e30b2e5482a5781d7a8c015947438e59111616dc73d78af9de0f885e26ba9a629ac4db24015f242951fece00c1fa56ae89f12bc49a4b31fb77db6339c2dcfef319f43d47e75dd0c672ae54f43c9a995b9c9c9a5767b6cba1299022aee34e5d2cc5210c1811d81c578f37c6ad72293ca710798bf77116707f3ae7b59f1ff89353bc62dabdca6fe9140e6251ff007ce2b478c8f4673c728a8f5d9fa9f4dcb6d6da8d8888d9a413b1004eb2b28fc477ab977e0871a5a98ae2d6e8a0639dcb19dd9c617fbdd3db15f20ea9e2ad4a5b548ae75899c36331bccce79f6c9fd6b3ac3c59ad5848ad6d7f736c3d448c1b3ec01ae2a98dbdbb23d5a19536dade4faec8fa7a5f0e45f6812c89223f7553b457a2f8626b36530358fda628f0bb24c00a07d7a9f6af8defbe26789b525f2a7d6b509b1ff4d4ab37d4e726a9afc40f18594812c35fbeb45c9242cef9cfbfcd5954c5d0a8adaa674d1cb3154be292944fb3cdacf67712cb169ca6d839211999bcb1d800dd38ad18b54bc587325b3841d3f76c31fcabe13bff0015ebfabcd04d77a8dddd4d1ffcbc4d33b156ee5496247e7e9525f78af5dd42d560d575bba9ecd31b60b9999c67d704e2b0962a8f5d59d51cb7134dde32b2f5ff00807dbb75acc572c156205dba2ab64e3b9ea69d6276313e5427271fbec93c7d08af81e0f133da6a117d9cb0756189ed98a943db045772bf15fc4f6767227f6dea0540c8c4ec4e40c7249cfeb5a4aa52549cd3d16afc8e3fab56557deddfe27d05fb43f8f340f0b7c37d46db50b622eb524fb3410d9ccd04ee4f519cee0846e0d81c824646723f3be3b37f392cf4f491dd9cb3cf36e2220540dc09c0070073df03d2bd0756d43c4bf103509ef7c41a832da1674b33732199dd037f0f39c127f0f4ae175bd0e586c4adaea06d1c9264b45c65b9e4bb1e9f28071ce3f1afcd7158e58caed41fbab4ee7db60f013a34ed2ddea5dd1746bcd3218fcbd4e169da52f1ea3230f2f00f21067a719dc3d3a74af5cf077ed27e33f87f7cfb3c416fad69d72bfbf835042d22ec4c6e57241fbc79cb1cfa57ce3731c51c66d676ba230860e1760eccccc067ae7818cd6d3469a8e9a96ce854b26cdec31d3b8f419c7e5570f6d1bb8cede88f69c29d5a7c928a76dae7da9f077f6a0b7f8831dcaebd7761a44f8530c51388c6070410c7d791f8d7a26b9f1234fd26d6222f85e175dc1231e63e3df1d07d715f9afa1d9adac8d2ba437aeaa1d56450416ce0671d857471f8e35ab154b94b89acb3906d6161b005182769e14657a01dabbffb5319461eca924df76791fd8d87ab514ea36bc96c7d93abfc58d5354b1b882d20363049f233152ee7fbc0646071c74ee6b8cbfd5a5b968df55bf9e548d711c934e76a8f45e463a57ceedf18bc4f7f63108a5f21324968828c8c7424f4e0f6e6b01b55d43529a3bababd9e590e4a99e666443f8e7009ed5f1f5f0f9863e52962eae9e5b7dc7d061e8e1b0892a30b7e7f79f4941abe9b75308addbed33e0b2a121804ec4fa7e350eb9e36b3d2e331dcb47664f2a8842923e801fd6be7bd0af3c477935c5d0bc96eae379442a46d2d804ede9edc0c0e0d74d0f862e64ba8de5d9a834b1ef984d2b0f2df2037cdce7835c4f2ea54657ab2bd91dd0c473abd8f40b6f1b5bdc34b2468cd8fe271cb0ff657d6a65f19db70d189e000eddb2aec3d40c1ebd4915c4b58e8be1bbc4b8b0f323768d55a69266ea33f38078c9cf4ab37daa46cb1adb471de15e6598031306ed939c1ce7a0fceb95d3a727751bc7bec29d4a94d734e3a1da2eadf696897018b631b78c1f507a1abf2b5b43f299cb9f959490a482063803af19af3dd116e1ae9a5ba702552590160a40f5c81f3718e98ab497d3dac6d389e390bb90db65dea067938fef64e3b563529c272493b5816269c926dd8eb9d9e456b93be4249ca007afa0e07e953d848c59116274f5d879cfafa73f4ae56ebc74b2b35a436fb6e21405b804a0271c6475ff0aa31ebda9ea41ceb0834eb484e577b877917b31e783ee71f4acf96af2bbab7f5d17525e2a10f3476f797da72ee4be983b2f527e6607eb55ad3c3b69a8c708b1bbba5811b7918033f52dfe35c7e9ba569b7d78b7b0991a38d83098ce4213e9c9dbc7d0d69eb1e30bed25648ada479645043247cae76f527be71ebdcd4387bea10bb7e665f5ba5f691e85168fa37929e7169123fbacdd727dfaf6f5ac6d7bc1fa0eb5e545399f08cae0aaae01520e3e607838c11dc5794c9f1026d4a48a68aee60e571b1640a77609da54f6e2b6b4ff195dfd95a4d4668e5dcc591c6e3c8fc303afad691c254a0f9936bf3338632949da51675ba95be8ba7c2f9883ec0241196501783c818014e493902b88bff00104f0496834e82ded6d542a790082251d9989c649e79f6ab7a178bad1756fb65d5ded487211a54f3016f4e33c91d38fe559fe32f8836935bc520b5f310867588c9bb3ce7ee9e3bf1c7ad69468d55254e51724fb9cd5abfb48f32692347c5daa699e22b58a79e6fb04d136246861cee5da08e09c0e73dbb9f4a86c7c23a4496cb2a6a524824f9cb7d8c9393eb91d7e9c571f7962d7ebe7f95756f93bbcb955711162005c92bc7bf3576d34bf14b40a62b299a3fe13f6bed5deb0ee9c1538cad6ee70be79eb2573e86b1f817a0b2802ff504fa3a7f55abe3e09e928c047aa5e9cf5c94181ff7cd6bdade47149ce4e7d05597d598481638f3ea776057ef4e5067e76e5559cfcdf06b4b8db0356bd7ff007827f85443e1569edbd5751bd5e9c82bfd56ba0babd7918154c7afcc3fad57835c919a40232bb4e393d6ab960f648cbda55eb266237c2cb16eba9de1ff0080c63f92d2cdf0a74cdc036a37dc0c0f913fc2b71f5d991b0063fe044ff3a749afddb2e3631cfa1cd4b8c57d945aad55ed2672137c1bd1e3baf39af6ea49bfbe4271f86da737c37d3e1fbb7d78d9ebfbb41fd2ba593569646dc2319ec41c62aadceb129cf1f77deb9a508f63a29d6aa95b98c6ff00857363df50d43f0446fe62ac27c2ad36750c750d43777cc287f9d68a788aecb08d5138ea715b369addc88cee236019386cd6738422af63b28d7aadd9cd9c75c7c37b4590e352bd001202adba803f5a8a6f857647257519a276eaeb6e324fe26b7ae35cb8f30f3fa81fce9d26a72ac6def512a74f4b46c6bf5aabd6573cc67f06f88c48e96fa12dc229c46f26a2b1b38c8eb888e3804601ef58dae785be2659dacb749e1eb1243960206fb418d79c0dacd97e38c91df3ed5ed306ab28651d71f5fea2b5edb54b968dd844e4e7007cdcfe55c788c2c5a6eef5fb8e88665cb6ba4ede47cb8f67e238f4a68af344d59a2f90b0dac304e378c13d3f847181b89dbce2b07c52b7174b6c2d745934075540fe5fefd6418c6703eef4fd7dabe83f196bfab25bcc62b6923ddd1db78c7f515e617179ad4f265e46523b877e4ffdf55f31f568d36d4345e87a9fdb90517ccd1e7da47c37bfd5edd6ea7d43ec8679710bcd0058dd5410dc6ec8395232c40c55e9be15eab05c009ad5a5c21214b471942be80348cabf80635df5adbea32c63325c8da41fbec7f9b568cd6d3b4796477e016fdeb020fa601aeb74a326919c33ca1ecdeabf1ff33cdf4df0e476970c52cb519261b72c61421cf03a1c7604f5ed506ada3ea3aac4ef790decd28ce1a2b52dc10c31d474047e55eb3e1fb089949fb248ce71d25639fcab627d3a08f615b09892339dec71fad652c1c2ea4e5aa3965c4b4ded13c2f4df02abb7972c978a8bf329fb03f030463afbd75ba57c30d22ead5a36d6843f2aa94bbd3e5e06d19236b1e7a71838af4301c2854b37007fb47fad39e199d8936f2871fdd6031f9d71d4a3192b7312b892a2da8dfef3836f8537b75343e478af448e389b31eeb6ba8a4c0e070b1e01038c8eb9e6b564f871e279efa548355d062b60a082d7127073839fdd77cfe95d7e928564e126e3b86041fcab4a4924491b123fe75e456a518bb68cefc3e7b5ad754d2f9b3caf58f80be2ed52d769d6fc3ad10911849f6b6dd91c7dddbcf539e0719f4adeb3fd977c548c668359f0ccf2707ec475a842162719077e47e0be82bd0e3babc48d4acf22b7a86a9849aaccc07da656ff007b38fd6bcff6d2e5e451563be59b3a9655209af5671f1fece3f14357d0ecded0694f05c5b28431dda6edac032ab6f0307919ac7d17f656f883a65bde473269b7d3417f1db4fe45c8f33cd9447b46e7201f9674e808e7af19af76d2135516ea8649e28fd22dc833dbd2b52dbc4f7ba1de492585f4b0ccc009716fbc39ce4160c0e7a0fcab1a5577872249f63ddc22c3e262af168f22f0ff00ec83e3fb3d59a29b455b6332239d46f66593ca5dd21c6d50412368cedcf6f6aa9e20fd8a7e25dc68da94fa74b0ea9ab48e163b48498db1e6609df3796aa30376013d3dabdca6f8e9e2bddf6612fdae33dfec2b9fd1013f9d750bfb433d869f19d47c3be6af0886d9de12140eead91d727ad75c572cf9dc753da596519d3b24fef3e55d1bf62df8f4ba48b05d0f4ff273b835ceaf0a9cedc0e1599472327ae7d7bd66dd7ecebe39875587496d4fc3f6da9cba947617f7d7bba38e0949c6380ca5036d5dc39e7eed7df1e05f8a7a5fc42b59a5d392f2d6480e1a1b92c1978ce4306c1fae6b9fb4f837656baf5f6a3f6b0e975accbae181ed95c0b893c9cb1de58139873923f8b8c6335df4ead0bb7529a6df6396ae57095b959e056fff0004caf115c6a10ddeabe23d1669d230ae9024ea84e58e4fcb9e73cf4e95d237fc13fbc436f2221f12e94f64a9e5080dbb614924eec85e4f6e7b57d393df6b0cb18b7d4fca75392248d4961e87a11f81a964f156ad68b1992d1678d7025912e5c363d5530727db23eb5cd3519db9ff00af43abea54a3f0c51f2bddff00c13ab56d5bcbfb578dac6c04631b6db49771ff00a1afa7a8ef51daff00c13374179a33affc41d6f5145007976962900c020850ccd271e83f5afac6cfc77a6cb712da477aab769f3bdbcae03807bf5ee4638cd68473ea525ba39549548ce41c827d2ba60e14d5a2c9784a32de28f9f7c3ff00b0bfc28f0fc658aead7f7321c992f6e7321f5e91f726ba93fb327c388709fd932c9b463749733313f8e6bd56e6e6e2df6798a91ee3b7e7c9e7b7415246519412f1467fbacbcd672a709bbcd5d9a468c29ab45687c3fa43b9daab13b7a9c55e486779817fdde7a029839fcea4b16d8b9c671d87535664bb4dc18f0141249e95fae49733b9fcc73cdbc8a6d6efd640496fba48c6ea6259bc8c0e71bbb0504feb56e0bcb79240eff315f5c807f4ad2b7b7fb44624511a27a91437638d665396c6147a7dcc8c046bf53d853a6d26e9b185cffbec7fad7490a664023745f45d8a3fa52dd5a91bb6f98efd1cae300fe02b2948afed1abd91c6a695334c32510761bb91f8d366d224321ce1be86ba582022405171e8d9a9ff00b3e4b8939e7fa54b9c57522198d7f2312cfc3c9249f3c0bc7a48c6b6acf4282285996d9d1b82082d9c7e75a56766d1cdb98fcb8233bb18fe79ab891efddb86307039ae79d688962b12f67638e9f4185a4398d0ff00bf8fea2a68ec2345c0d9ff000003fa5745369d10673cf5cf181fc8546f688d8da18fd4e6b3f6d123da6267bc99956ba7c636603b7fc0c8fe55a305a85dd904fb31c8ad286ce30aa4c18c7fb157d15a35006fff00be6b09e2135645aa5565bb3cdfc49a2b4d6b284b48ae0b75548882df42075ae21bc28fc7fa3cd0a0ede60181f435ed7ace9b3ccb9585e603b3945fcb22b03fb29c32ac96b1a29386cdc0047d315c92ad0348e164f73cf34ff0cc2d182624463d3cc90b63f018adc7f0e466163e446e992170597ff417aed21d250ed6478e3e00386dd9157068f1dc2b03282feed9cd72fb6bf99e947073ed6389d37c3e9131023d9efb89cfe64d5d9344f314a84c0ec3d2bb183c38b0c2a16343ebc96fe74f8749c367319c766ce7f5a89d681dd472f9f36c715ff08fc6ff002b4032dfc438a7da784a3f2fe553193d890327ea335df268bbdbf7631e8d807f9d588b45b855cfef24cfa8181f4c9af13115e0ae7d1e1b2ea9a58e063f08eec33a0793d002e7f124d591e057b86dd140581058e07200f5af46d2b469599982e4e32e436368f53515f5dc9a7b14f3618f3f74ee0148f73fe00d785394a527ca7d461729725668e42dbc136f1e566332ba9c796910dd9c039ebef4c55d1acee0e10c803658b2b650fa60753ef9aeae4bb0f63219e4c230c6f75f2b23fdf61b88ff00756b9c99639edcaf9491a7f0a439507ea4924fe94428ff0031f5986c8e9ce5f09992f89269362c10878d497582d882587180d804fe7556e753bdbbc04b768dd80dc436e3ee36e056cdad9f956cf122c288f9c84e38359b737f6ba67c8855e41ff3cc7f3ae951a71f84faec3e511a7f64d0b3d1628d449294f30ff70375ef9cf7acdf12e93a72c3b845f3f3f3ec1bbf326b2ae350d5752908493ecf19f41827f1a743a03b62499d6673fc4c326b37552d8f53d8d2a3133ace186dd84b133c6e3a1462a41fa8af48f07f8efc552dc59c104979ab408e55a2455394ed972bc57356da24b79208e089a590f4451c9af62f875a35ef87f49962ba06169183aa2be70318e78eb53099e5d5494b4476705cc8635665642c012adc107d28b8b9fdd9f97f5acd911db1b4e29e9014ce78cd741c4d5875da79f6ecc2da33212080114023eb835c3eb1a6bf87d99b4bd1ad6c518ee90595d084ce3e524b20880243038e467009cf41db5c091be48d993d4af5aab247e4c25428958f761dfbe4d5c41d3bf534fc2fa25ccda6db5dc5ad6a2b64f81f65645600f76cb06ea7ebf8574cd751c3842e72a31f31e6b84b0d51b4593ce8e77f2cabef832c55871c81cf20e39ad483c6b6491ed9a1bc57071f2c7bc11eb9aa39bd948f9594c71a8cf9391d37c8d8fcb3424823500a5a818dca026067dfb55e49046b812337d016fe5d29bf690926e56473d804e33f5cd7e9fedbc8fe3d787bf52adb4d249232e03138c3a8da3f2e83f2ad9b68a69b0caa88a176874ce40fc40aa715dc81b236ae3fbb804fe24e2ae41a93162a668a33dc2ed63fa13513acf4b174f0aa2eed1621b6bb122ecb8df82096f276807d39e7f4ab66dae1548674c9e1d8a8271f862aa4531ddcc8e777f10da8cc3db83fcea485848d905db1f8d71fb77d59db1a09ec855b67590a82c13f848cf4fc8feb56d230b22960197d4a838fcea3b728d82f1b46e7a31ad84b7f35430193d8e40c7e66b9675a275430cd6c8ade446d8c066c00b9042803df02acadac6d9c0db4fb6d3a57f9a4f910727e4c0fc4e7f4ad4b3d3cbc714cae8d27390e3008efd315cf2ad13ae183aaddac528ec4c9b7cb2fcf5f9a9a74f10b1542c0ff001053cd75167a56173ee4d584d33ca60319dbebd0d703c5dba9e9d2cb94ed7306df4f76c2f97b71ddc85ababa3a2e77b2ff00c0b8adbb7b5c2e42e49e838feb56a2b65f39155725bb2f07f0ae1a98db5b53d68658af668e6ee7416923fdd9df8ebc5555d074f12176071d1728a38fcabb616036866031df728600fe34c8b4b7590f986d9d3a3394e87dd739ae178fb1ead2ca9eb6471b168d6ebcf97b48208600e3f954f0e9d2471831aee07d7835d4cb6b696cced34a228bfd8c823e9926aac9a9d95aee368b2dc1ea4ed2140f73fe15cd2c5d597c27b34727f7763223d2a46dbe645e4eee848c0a9d3488a3503ce2bf53d6a0bcd565b96468ed9170721b0147eb54af2f8bb2eeb924f390c32a0fd6a39aa4b7763dcc364baa722dddadad8fcf130775fbc00271f9115561d4ee6e94fd8a1620024dd361100f7c9ac8bcd7f4fb1625e317175ff4d1bf928381f8d72fab7892f750528d72638cfdd8d5b72a8fa74fd2a9452dcfaec1e48f46a3a1d0eade253129fb6ea725e63fe595b9091e3d371c67f2ae3efbc61733315b3812da23ff002d7386fcf19fd6abff0067fda24f31d8cc7fbc7bd5a8b4a2338741f8d0dd8faaa39552a5f122b5acaed224b7286ea6ecd236403f4c569c52cbe59794617dba0a72e9a53383fa50da14b3619e6dc0ff00096e2b9dcac7a6a9c21e464ea3ab19f31c6fc1fe04249fd05534d36e1d86d82654fef6315d0dbe8e22c151c8ef5a71692675c95271ea3153ce54a74e1b1cfdada0b7ff005a8eefdf9cd68c719b9db95c7e35b967e1d40c0ec64cfa8ad3b7d19206276e7f4accf26ace37b5cd0f03c496dbcf90170bf7cae08fa5765e67b7eb597a2d9a5adaa1316c63d466b42baa2ec7953dee49feb3db1530ca753bb355d1f6e7bd489209338ed5b1c5309331b2963c8e484f97029937decfad13170bf7b39eab8ea298176ff014fad06642de63485cc7b704e003c63d6ab35bbee62b249192725554e07a7f17a62ae3b3a292a391d4547f68ff006bff0022ff00f5aaf98a6ee7cdf16fe77163f539a93ecb2b2868da327d4f38ab11c0cac32320f4088327f13d2b512c6469800df2201929c003d7a0afb2788b753f97d60afd0a11d9b4790fc9f446e945de9d3cd6e04778f6241c908149c7a7cc0d684368cd75d3721fbadeb5a70585b7cdb81913be4f4ae6962b97a9db4b2f7292b23909fc3b72ec59fc4fa946b8254c5f651fca1240fa56de81a2c7a6dc4a6df51bbbd5971be4bd94b05233f778000e7b0f4adfb3b7f2a6dab188d189c38072be8320569dab4535c202a571f7811c13ec6b8a78cb2bdcf5e9e5d27683d515a0b179153326d7cee670a08603eb5a76f6368b9cbacb2608dacdd41e87fc9ab70e9bfb962f1818c95c01f80e6afdae931de5c2c855951491824a863dc648fcc7d2bcba98e4d5d33d1865db4790cffb3c0ab0a1e5f68fde0ebf956ac5662787cd508a7b374cd4ebe1f8cc814be5dc939ce6b520d362b4b5588870edf7827f11ae29e31cad63d5a3962e5d534574d2e4650c03239fe206ad5b6950bb2b9c83dd81ef4e86f2dede451bc49c60a82df281df9ab32eb91dba858a02898cef2dfd315c2ea5496c7b54f2e8c55ac392c63b6608c7cb0480486c0fcbe98fce9ed15b25c7cd3b86c1254f423d2b9cb8d4a392e1ddae8b31ea546083e82a90bb9a59818b7c687a8f5aae59cbe23d4a796ab26d1da5d6b3a7e9ebb998a3121461829cfa735cfea5e22fb62b469f221fba76856f6e95ce5f5e9691c2b339507049ce4fa66b94d5bc5da858de4705be99398c9c34a66f9557b9ce6b554e303d8a397c63ef72dcec2eeee36e0b091fd73d3ea2a95ddc411c7bae26c81d50b140a3df15cfea9e35d3e0fdd2b24d30ea80e5bffaf5cfcd35e6b0c7ceff004484921517ef11ea7d2b5e73eab0d9449b529e88dbd5bc5d0098c516673d9625c0158771aa5f5ef258c487f841cd5a8349b6857006df73c9357e2b08b9d87ebc51ce7bd4b094696d139f4b295b3bd9c7a73522586c6cedcd74df618bfbff00a7ff005ea3fb2c67a1cfe152ddce9b9851db499e0e3f0ab5f6563f7a5ffbe4d6ab74ab31da673bbf0acdbb112918cab22f0adb89edd2a68ecaeeeb6f3fa56ec3a70db93c66b5acad91081d6b130955e5e873f69e17b995811214fa0ad38bc2f74171e73f15bf1c6e73b5987d2ac468e73f332fd4e6a92b9e3cebca473f6de1fb98f7032ee1c606e031c73d07af35a8349961605db3e9d0ff00202b57ca7ff9e84fd79a8997756c70bab265eb4844d0826ad8882f4e2abdb208d4815248fe5ae719a0e66ee23a3b639d9fae69a6e10293cb63b28c9a87cc27af34d0ce19897621baa9e9f85073b56278f3711a9963f2cf74ce7f5aaf71218143074541fc2e383f8f6a4fb788e40823672480c57a01edebf4ab2cfbf1c63d8f5ad20495e269278c310a7fdd6c8fc0d27d9caf0b26d1e98a2691f808a093fdee94cf39ff00e79b37ba9e2b403c6ed57c8ba6428de611b4b0e78abd3a3c71af19c1c0e838fc05588edff785bcb07d01e79abb6f018d4ab1f9875c74ae89e29cad63f258e0b99d8cfb7497c90d0c402024066e40abb6d0a4db82aa96930582a8008f5c76fa0abf07951c65a4554fee82dc0f5c55cb448a4cb431fd9ce7019cf3f5c579f2c4ccf469603708b4cd908d8999188196e07e22b424b48a285226018839db10e41ee3f95468f1f9996df7257a9c8c67f1ab7697891e59e48605ceec6ee403ef5cbcd37e67a74f05caef62e5af991dba08a231a2aed0d236d23f234fbb817ed077b6ec60ac51649c8ce4924e0f6f4fc6b22e756b1b166532177dbb792704fa8c1fe86b3e7f124923116b1f943206e1c1aa54a4fa1e8d3c272bbd8ea66b89d5808e44b4403938e7ea4f41f4e6a9bf8805831692f4ca075ddf3127e9deb9b9efe7ba9137b177ce4633fd0d531115607fd5c7fc6aa4e18fbf39fcab7541753d486112dce8ef7c486e630106cf46c60fe54c7bf0d181712150c32549cedfc2b9d9754f258a26d450012c0720fa1f5acfbed6c2afcf3650746735af225b1e9d3c2733b58eadb58b7b78c6c55723b9e9f8552bdf10a6ddcf286f40495007d2b85bbf104972a52de332b0fe2607683f81aabf6496ff00e7bb226f441f771ee28e73dda1973935292b2356ff00c6f24ecd0d9a199bb60fca0f6e6b16e2daf753e6f2e8e3b4701da00fad6a47691a2e0c407fbbc0a97007418accfa0a3429d1f856a64db69f1d9ffaa41163a11d7f1abbe59ecd8fc2acfcff00ddfd69cb1bb67e5c50778c484be72f9fc2ad2bc8bd0e6a34475cfcb9a77cff00f3cd8fd39a006ab4ad9e31422cabdf35379a47403f119a9a2ba3bb04673ef410dd823b57e6b4ad90ac7cf7a8a2ce0e066aec4afbb3b00c7a7158b7738aa3bd8b50a6fcf35a16e9b4e73d2a181b2c87d6b461b71b705718a93cb948b36e9e5ae339ab9b8003271559234560db46feee06188fad4a26f6fd6a93b1e6c8734c8b8e696d369f988cfb55619958002ad4316d5c67a50ddcc790959b6d319b754329fde05fd697ccf6fd6b6316ae10c096fb822850c771006324f53f89a64fe7ee8ca61403f30619c8fe94ff0033dbf5a55937e76b631418b7608dcbae4a14f66eb4a9207ce3b75fad24ace91929f7bd6aa431cd1ccecf70658ce36a328247e26a9bb9896d9449d0f4f6a4f2fdff004a6bbeec718a8bccf6ad80e42283cc646539ff00648e07e14971feadd46c18e85fb567465e0ddb26c1236869a424e3f1a9c6af696b32b4999a703188867f4ed5e77237b1f331a09ec86c16b3f98cf340657fe1f297902aedbea116d26f9f70ddf2847236ff00b3f375fad67bea5793b6211e442dd77919fd2a84fe54726eb8df34980447d47e55d3ecf9be2477c695fe235eef5a793fe3d159ceefbdf2f6e9923dbf9555692e5b779931c37f0af048a23de162391121cf538dbfe1514ba9dbd9ac9b17ce91863a649fc3bd6ca2a3b1d91a29ec89d2dc26486010ff00131e4ff8d4b7334512a48ccadd7001ac797529278c191c87fe1c1e07a71ec2b1b5ad7ed2dfe59640f8185407b7d6a8f568e0ea54d8e9c6aa91a8f336094fde00e147d2a85ff8962b5b56324c23cf50afc63f2ae267d62f75361e4c6d6b0bff00115c1c7d3ad2db68d6dc48dfbd93fbce2b399f49432b49273341fc4f3df2ecb484a276790702a15b592493cc9e5372fefc2fe55620d3f7329dccdf5ed5a0b6523f419accf62146953562043b171d6adab96e876d4c966e99eff853c5b11d57341aa5621452d9cb66ac441c67e4fd6acc36e02e0ae31fad4b6c91c9c2f24f6acf9c1bb15e35739f93f5a9f7a7fcf303e9c55a16a57a0c52b5b9ec73f851ce4395c83e45f6a4dd9fbad5656d1daa61a711d4e7f0acccdce2ba9556dcc8a09156e38523cf19cd48b6afb40f4f6a95ad8a745eb51cc6529ae824489cfcbfad5d8a34e7e5fd6a08acd39ab71458079a6dd8e4993a98d3a8c67deac2b6daab938e0e2ac4533f3d0fd466a8e29922bbb7f17e952f9e4756c546b3b77543ff0001a74b2e71c5073cc9adbef13e95719f6638cd53864dab8c74a951b70ad20612249d373673d6a364dcca73d297e73fed7e9524dbf8dbf8d6871486556b98e7693724fe5ae001f20247af27f0a9848e7ef0fa52b2eea0c3988e094953b9995bd4af5a496e5e3dbf2349938e3b7bd3d9b7573dac78ad34d658cdbc8ace40db2290c41ee3071dbae682545cb637cb05ea7149b93fbdfa554b799ee2de393638dc327cc1b5b3f4a92824f2e9a39197cd95c8cf5238514e8d826cfb323600cb6ee0027de8a2ba0e3e551d8b1f68063fdeca5874648fd7dcd0353481408a1cfa9ea68a283ae30894a4d57385dd807ab3b76fa63158979af5b5a31512658761d49ed45141f4384a14ddae8c97bebed55b2dfe8709e9d9b1dab46cf41b7b657b82c8fb06e67739da07524f41c668a2b399f4718a8c558b36f17dbe1492161242c320af461ea3dab422b3cae76f5a28accda5d0b714239c7157a28baf345159cc826863c4639ab2b1abe723a514566448b71409cf1447a6c4921741b4d14504127d85fd6ac25918f381d68a2a2461cce5b938b70fd4f4a45b6cfdd1f5a28a910f19ee314cf2fdff004a28a0c09557754b1459cf345141121c60cf6dd53476afcf24fd4e68a2839aa49ab5873dbba636bb367ae6a068de5640cb9c1c8cf63eb45155124b08a57396dd5657a51456f0392428709d7bd3bccf6a28ad0e290a588ea7354fcf95267f3047e463e593792f9f42318fc413451410536d5144d3c2f6b7a8232079e2dc946e339523391f853ded6112069033e0e406624647d68a28025336d6233b71fad1e7ff00b7fa51450739ffd9);
INSERT INTO `view_jual` (`id_transaksi`, `nama_pelanggan`, `nama_paket`, `jumlah`, `harga`, `total`, `images`) VALUES
(10622, 'willi', 'hello1', 5551, 200, 300, 0xffd8ffe000104a46494600010101006000600000ffdb0043000302020302020303030304030304050805050404050a070706080c0a0c0c0b0a0b0b0d0e12100d0e110e0b0b1016101113141515150c0f171816141812141514ffdb00430103040405040509050509140d0b0d1414141414141414141414141414141414141414141414141414141414141414141414141414141414141414141414141414ffc000110800c8012c03012200021101031101ffc4001f0000010501010101010100000000000000000102030405060708090a0bffc400b5100002010303020403050504040000017d01020300041105122131410613516107227114328191a1082342b1c11552d1f02433627282090a161718191a25262728292a3435363738393a434445464748494a535455565758595a636465666768696a737475767778797a838485868788898a92939495969798999aa2a3a4a5a6a7a8a9aab2b3b4b5b6b7b8b9bac2c3c4c5c6c7c8c9cad2d3d4d5d6d7d8d9dae1e2e3e4e5e6e7e8e9eaf1f2f3f4f5f6f7f8f9faffc4001f0100030101010101010101010000000000000102030405060708090a0bffc400b51100020102040403040705040400010277000102031104052131061241510761711322328108144291a1b1c109233352f0156272d10a162434e125f11718191a262728292a35363738393a434445464748494a535455565758595a636465666768696a737475767778797a82838485868788898a92939495969798999aa2a3a4a5a6a7a8a9aab2b3b4b5b6b7b8b9bac2c3c4c5c6c7c8c9cad2d3d4d5d6d7d8d9dae2e3e4e5e6e7e8e9eaf2f3f4f5f6f7f8f9faffda000c03010002110311003f00f37a969be5fbd3abf7b89f80d6f889e29b2718ebef5ab64b248c0a0fad67a282a0919cd58b4bc96d3eeb7d6a5bb949b5ba3a9d2b5578eea2170d84073f5af5df869e28b15be5b6b850db8e5243f740af0e5f10858cab401c9ee0574ba078f34db2b88dae60556420971cd79f89a3ed29d8efc2d77464aecfb3f45d4ed2ed9555418cf61c57571e996973b76e47ae0d788f80bc6ba16bba6dbbd8dec7e791868d9806cfd0d7aae9b79be15911b77a8f435f0589a3ecea72b5667dee1ebfb5a69dee8e97fb13cd8f617403bf3d6b9dd73c1f15c2b7ee0073dd7803f0ad6b3d4e5824fbc5f3ea6b62caf91f3c633ef5e67b495269dcf46d19fbb63ce20f0525bcd875c8f5c74ae9f49d1d74660c1720742fce2ba36b7469038e08e955e4b18e5c161961ebd0fe14e55e75172bd83d928ec49b3cc2b203f29e94f4b74b85057b75aa53dc25aed4438029d1eb8b1676b2027ba7515838b96c6aa4a3b9a9fd99e4c7bbcc55cf635105917a0c5568b598d97265dce7dbad5a8ef048b90bfad43525f1169c5fc23d24db9e334f0af719d8000a32cccd8007d6a2ae57e226a97fa4e86925a1fdc9902ce07de607a01f8d3a707524a11dd93397245cad7b1d33c70cc2410dca492447f7898208fcfad64dd6bba1c4515b5278a423250a8c8f638c579c7867e2e258b086e14abcb310ef8e8a411cd707e29f1bc8dad4925aa868cfa0af4a9e5f3727191e5d4cc2318a715a9f43ff00638d4238a6b2ba86e526fba33b4fd31f4cfe5552fbc353c2de5c4de7ce064a280011ec73fcf15e3bf0c7e245ce9baf42267125b4dcb23f2149ee2bd4afbe23bd95f088c90cb0ee0186327e95152857a13b2d4b8622857a77968ce6afed666671e4c9f2fdec21254fbe2b9dbae588f5aecf59f1f5e5e5d6203e55b229fdda1ebc63ae3deb22f748b8974f5befb3ac71ba8dca08043639383ea79aeca7371579ab5cc2714dda0ef639266dd551d4b630db6b626b3fdd9f96a9c9118f19ef5e8739c328d8cf469173938a624e5739f9aae79998f630ca8e9ed59d3c476b01ce2a93b99356164612e307a552b85962607aeea4fb53ee23d2a16be3232aaee676385551924f60075eb8aa306ee741e32680f82238f4c8ff00785d6495c9c9c8ed5e573eb3a9ba98679fcd0000a01c85c74e6bdba2f0969fa569220d7de417130123431498118ec09e493d73cfa5608f8402fae15b4db87685d72b24ebb550773819cf6ace8d784134de83ab42a4dab2d7b1e3f2eab7d70b1da953300c318fbd8feb4ef13e8179a75ac42ea23048ebbfcb61c807d6bdef45f09f877c1119ccb6da86ac14b79d2f001ed81cd78dfc48d7e4bed4a78e66deb192bd873dfa0ae9a75f9e7ee6c8e7786f671e69bd4f29bd436cc5987cbeb58a66324c41ad9d4d05d49c0cff004acc48911b38cd75395c518926cd8a06734cdd79ff002c9be4edc537ce03af15721bcfdd8f9ab9dbb9b1cb226ecf38a7c6811719cd36564e3e6fd2ac4472b9f5afb54ac7c75492e6761f53249bb3c6298613db9a9fcb7fee54356127719b4547e403d79ab889bb3ce2a48e0419e29146759df5ee93309ece6781d7a6c35ed7f0dbf680bcb654b3d5df0e31b675e878c1cfe42bc8dad76e3e4fd692180c120755e45615a853af1e59a36a588a98792941e9d8fb9fc35f11ed3588526130901e8c0d77b65a8dbddae5254c9ed9af8f7e1d4ef35bc600915df1bd4b6066bd9f45d2b584b6496d6e097ed113d7fc6be271997d2a727ad8fb8c1e367522af1b9ef16f8f2c61837d0d53bc9a5b752338af33d27c55ab58cc23b8b77931f7820008fcfad759a7f8badefe38c323b492b796223c63f1fe95e254c3ca17ea7b51c4c65d2c49772799bc96dcddcd57f3d3fda1f518a96e6c4b4ce0e7e538f94f7f4aa134323487691347e84e7154646cc1e4c98dcd8cfb56fe9d1451e3ca60d9eb835c5c01c463f86b5b4f8ee776622779e815726b0ab0bc7736a73d6f63b092e20b68cc970e238c100bb1e0560eb977a7f88ece6b7b598e223bd8af7ff6bf0a9350b98059b586ad3a590b80635936f53f9d676bd79e1ff0fe936eae6396065f9648642a5cfeb9f7e6b9a9c7964ad7bf4b1d356a3707b25d6e783eada267549dfcf58d771ce0d605f5e5958f970a5b8674249980f998e73f856d78a35cb71a94925b65213f7430e71db35e73abea045c329e3debee28c7995cf88a92717646c585f18667915fe6ce7a576a3c656dad4714376638a78800b360038f7c0e6bc7e3bb90670715a36175f67b81bdf0e7a7b51568a959bdcca95571bae87a943e2c1a4c8aed89514e486e87d8fb56f4df122e2f64b7b9ca4463fdd8f2c602a9ed8fae6bc5f53ba797e60fb89e83154f4cf107d8eea237818c20e4e3bd7354c3d36aed1dd0c4ce2ec9ee7d189670eb91cb7b63a840b00e5cce7cb01bfba0735cdcb2386c30e9ef5c669fe31122dd5b5823ac32e1339249c1cf7ae8ee754214962379003606390306b8553a8b7d8edf6d196bd47cd2e7298c7bd52b9be31c7c054cfa0eb55e5d430b9cf4aa6d7059a3450d33330c228e49aeb8ae539652fe563aebfd2ae22860065794854551f3127a003eb5eade09f86f6de19bcb6d4f5abc4fb726645b55219178ee7d7273907bf7abba3e83a2f87648b54b8d26082eadc798ae256628d823ee86c6704fe75cdf8d75e8e6923b9b399d777c8c01c9c579b52b3acf921a23b29d354573bb37f91378ff00c4363aa48eb01dd8c60e7b0aaf75a9dd0f074324064b62ff002896461997071c7fb3fcf3ed59fe15d022f10dc4ef75318e384aefc0ce7be3af53d3f1ac9f8a7e26233144bb022ec58a31c281d2af9536a9c375b8b9a4d39cb6679b6bba95eb5eb33caed9ea73deb92d5125918b3b1763dc9abf35d5c9dd23a9d99c863d3f0ac9bebdf31738cd7a91563cb919925bef19c6edb5997968218f91d6b7d2f6dedfcd5b8255b69da806493efe95817d77e72bc848207500e587e15a3772a307d4cd78de5da91aee76380a3a935da681f0edef34d49af5de199c93b37741daa0f047836eb58ba49e351f2f42dc019f7af499bc1b3f9876de328f45e95cb52aa8bb26762a6dec787687776fa6de8927d3edb55848c34570180faab29041f7ab9ac4da5ea9245369da50d2a50b89a38a7692227b150dcaf1d464f6a778bfe14f8cbc0b7863d4b46ba8b19293a465a3906339561d78158765752c5b77a15cfad7de53e4a969c249af2773f39ad39526e1522e2fccbab0baf6ab1e5b1e83352db3ef52718ab7b13fbbfad22a3228aaeda53b3f8bf0ab43649f7485c7a9a44b7375710c2ac8864758c34870a0938c93d87bd01cdcc5ff000bf84359f1b6a0d65a0e9b3ea974abbda3840f957206492400327b9aebb5cf80be35f0af83ff00e124d46c23860472b35a336e9e14dc1448ca38db9f42700827839af55d23c2da5fc27f0ac9069baaa6a3e219e74967bf854a111aa9db12f27003331dc31bb8cd6c785fc4379797d0c9703ed8806d68a41b91930410c3b8c1e86be62ae655f9dca8a5c89f55ab5fa1f4f472ea2a1c959b73b747a27e9e47ceba078f26d3ae114431c69ea09feb5f4f7c31f1409ac226b899115c02837eec0e7debc2be387c29b6f87fa9c37563a8477163a93c925b5b363ce85060e1c8e0804919e7a735c6e8de2ad4b4c9234497007d47f235d5568c332a3ed60ec99c7471b3cbab3a357568fb9aeac2cb58559622864273b9475ac3f1618974479ad25db7d6d282fb06338ea3eb5e55f0b3e245eddeaf6b6b232a81991ddbe645551924fe15ea5e34d463d7ac7708a4bc74c7cd1a797cfb8c66be46b61ea616b724de87d951c4431545ce3b9afa5f8d34eba82d02dbe2edc00cc9213f37738cff003ab366d3ea5a84b19f223b58c6659251964f6c77e6b83f00dbb59f88376b10f916ca0a018e87d7f415eb3aeea16efa2b456e9b5255ca480609cf535c756d4e6947767752bd48393e864eb909d0ed52f19967b1760a268cf0b9e991db9e29749d71af95e0d32744bb61953b876f73d2a8da5bc8da4dcc735d7996522bac900059f6ed39c01df8cfe1587278f53c3fa5dbd8697aa97448cc452589519587fb3ce0fbd4461ed23cab577f904a766a77b2fc6e3fc4be29b8d11b1e23b75d42419585612ad1e0fdec1cf04006b8cf107c59f0f6af6d2db5c694eaab9480c2fe5ed1df8ee73dcd61fc42f135ede4313dee0655c4207f10ddcb7e2735e5e49ba624b2ab7604f5af6e8e123652968d76d8f17118b9a9382d8eab52ba8265dd1c85c7a9ae6ef53386cfe154e59670d8938c74aa977a8ff0e7f1af521ee1e44fdf7725470928078a92e6e1d7e6cfe158d248e71cd134e8621cfce7f86a9cae69c85e7d4f62939cd69e81a78d798a9e48c607a572f6919bf9846cdb477e335ea3f0ff004afb2b21dbd3f5ae4ab51a8e86f463ef9d1e95e0cbbf09e9bf6bb9b40af210222e7905b3cfd71fceb7759f01eb1a5daaca44776fc6e8ad5b7b203ebe9ce2bd0f43d6e286d639164599dbe47563903352deead6f04d35c41c1d840e78fa9f5af01e32a737e7e67bff005584a3aec797597836f22ba97fb4ed67fb347803c8232ec4e0608cf1eb445e06b95d445c25ca59d8a3868e6972cc08390a0773ee7039af433ad596a16be61b9589c905943641ac3bbd2ae0dc478d63ced3c9deea63dcca3b00df5fa75ad7eb2defa187d594765739fd752fb4ed2ef1de6fb4472362058b863ee476ae6accad9c3ff13175499c10b1804b0fa802bb9d63c45a6e9d0bb213320c65a41f31e00e9d3b5787789fc7165fdb46e2001821c8dcb804fa514a57560ad0e5f78f6ed2a38f40b17b891d4e3387ec09ee7f0ce3ea6bcdfc59e32b1d93c86e125c8c610e71f5af37f147c5eb9d4adcdb970a83180a78007b579cddf89b66198ef0482eb9e18020e2b5a74dc5f34b73394b9b45b1e837be29bdd4e30b6f658807dc7d8547e64555d76e6de4991639b7cc54799b1f201f4271d692e7e375bc9a6c705b59a46f1260efc0191db8af2fd5fc492df5e3cde66dde49c47c0fcaba799cb75621c794efeff498ff00b463860ba496391771e795fc2afc7f0fa3bd923305c924b02c656c2afbfbd78f278aee6de6128918b9ee4d6eda7c4ed4d38832f9fe222b49b9772e093dcfa1f4b6b4f09695f675b9dd21cee9075cff004ac1b9f17ee989fb4a57864fe30d53535613dc13f4e2a28ef1d941f39ff3ae6f67e674739f5468bfb576a312f95ae68d06a36bff003cc61b3e9c30c5715f14be26786fc75a6c76ba569375a26d60c6dd3cafb3e4124e140f94f3d4572f7ba1a43750243722486700c6cdc1f7e3b76ae9b4df06f866d2c1c6aba8eed465236a40062319ce4823af15f5f4e860f0b255a0acfcaff95cfcdab6231f8c8ca9d49271eeecbf13cda393c9dbf3631fad5b17b3b28653953deae5f5923df7d9c6550c8115dd4020138c903b57d7ff00097f67cf0b7857498ee7568135fbd461746ec9291065395458c9e40f520e4e7a74ae9c7e654b054d4e4aedec8c32dcb6be615251849251ddbe878c7c19f855e1df893a16a116ad797da5ebf1ce624cb208d06df9331b007afa9078ed5e73e33f09ea7e03d764d275ab436f72b9287395913240753dd4e0e0fb57dbda869f67e22d5e1bc9d324370aa4a853ea48a8f5cf0ce8fa5eb961aeded95bdd6af0218adee655f3408b393b41e0b73c1ed9af93a79e4a15a5296b177f77b3f27d8fb2a990c2a518462ece2ece5dd77b753cb3c15e1dd1348f03e8f6fe22beb9fed3f2838b7b5501a046f982bee049600f5e3ae3b5683e84fa35d4290cab3c127efa19c0c1653ea3b1f6ae13c5f79716fab5ddf4ac58cf3993e6906ee493c819c819eb5b3e16f104568d1cd2dcf998e1573fa56727277a97d1f4ff0023ba9fb356a56b5b67d7e665fed0b0dfeab1f86e2fb4f9b22b3c36fa50426477638de800e41000393e98ef58f71fb2ff008d174db495a1b337331c4b67f69512db8f56cfca7823382715f4de87ad69fad0b7bebad0eceea7893cb8679a304a8ddbb818c0e71c819a875dd437cde72c6f1a22972aac5b0df535cb0cdeb518c68d28a56bdfa84f26a35a52ad564ddeda6d6397f0afc17f0ffc3d853558eed24ba8e11683ed2e08249cbc840eac7185f41c735acbaa46ed2ea1705e2b3c85560fb5a439c1f971d01ef5cf9d686a3b27d5dfecf652b1d88a0e1b6b719c74e7f3acbf1678821d3ede3681c046258a8185258e4f1d07d057339d4ad2bd495df73d08c29518da0b95763d221834dbe63700e1274c0691c95faf3dc1c5676bb7c34db3905c5cfda5c03e532390a83e83f9579247e3ab97da9237c9d867ff00ad576c3554f11eb304972dbeced51a696dc127cc0a32147d4e320726a1d1945f34de88d655d4972c7767a8f82679469179acde9c5a1fdd40c78676ce3201edc8eb8af27f8896e34ed6638ed435fc933062a461999892401cd74b75f172c62b792db51d39dd2052d6f103b42f18036fa631c7b57905cf8cae6ef5dfed342d17964bc44f3d4600fcb35b61a2e327267262671718c6fb1a5e36922b2b4b6b89189262de626fbd19ed935e7a9aafda26011f6e7af7ab1e33d7b50f13dd3cd2bfdf3b5553800564d8e937b0b01140f2e4066d83a0af629cd42294b73cc9c6ef996cce8d9a5921952d835c2952ae5930403df19e31580970904fb65e4ff2addd2bc44ba6fda6d2440649222bf3741ef5cd5fd99b8679e43f376006493571911ca2dedf46f86073ed553ed4646008ab62ca28ac58b733353ad34f175c9d912f63eb52dd86958934fb84859181c9ec6bbdd1fc5896b6e479b8c7f18eb8f415e7af6522b600dd8ab5a64523dc408dbd91986e54ea456151dec744558f7af0af8904b1aec4917cc5de095e0fe35d769e977aad9bc92c8d6d0b6546eea7dfe95ca6857ba6e8b636d0b04428b80ae7a0f4a9352f16adced78e68e28d06383cfe35e0549de4f43dda71f716a6b69fe1882cf5232dd5cb4f020c88c7f19ec0d6d3eaba4c91cde60f2c7ddc06385fcb15e6e9e32fed4b7686ce5692e3714e51802c3b0e2a8cd65acf939954203d558f23ff00af59c94a4ef26526a3b20f895e31d3a6b7974eb348c277651fcabe76d7267590eddc3e8335ec171f0cbc45ab48f2b916f1b7663c915734bf83b1c8c3fb4e511a20ce07decfa6735d90ad0a4adb984a94a4ee7cc57d717273918aab0693a96a3bde285dd5464f1d057d8fa37827c0b0c72bcba7472491ff00cb47fba7ea2b3759d0b45d46dca78764fb13c6d9654c796e3f1ada38a8c9dad6339529c55ec7caa9e06d526532ccc96c8412a5f9c9f4acc9fc37aa42cf881dd14e3781c1af77d7f40d534bb533dd10e9bb6e15c13f519c572b25e74f9abd385355173465a1e54ab38be5946ccf3cd3bc117d72cad3aac00f4ddc9aed743b1fec5b530cbe5cb9390c179fc69cd70cdde98f74ab8c1c66ba5535d4c1e25f445d76b7752a618c83d415cd0b6164cb9f253f2acdfb6245ef9a952792550c11c83df143a49ee0aa4bb9ee9f0d34ad26f966ff00894a6ab105519988dca7ef11823eee71d3071c57a606f049bc8e7bcd221b1b98582ba5bc0bc30ecc318e0e3815e33a1697aa69f35b886e0db4728c89a22723f0041ef5dd78734ab8b3992eb54b9fb4cd3ffcba4a300a1fbacdce791db8c7bd7162d7bee4a7f89785764a2e1f82d0a5af783acfc49f1163bb5b748ed1c998a3a6c86641d4fca0824e7ee81f95757abfc62bbb4bc36f0cbe5a4240181f780000c7af029abf14745d0a192d05ac6278d8fcb01055477382707f2af38d53c49e1dd62f263756f323b8c24b0f217fe024e3f2ac65ed710a2aac5da2ac8b83a18672f6534a527767a3e93f11aeae6e2448c7972672bf26739ae8b57f1ddf69f0adebcac0229c8538181d2bc34f8d0e96a16d1cdcc7fc2193691fa9addd33e20c7e298d2cb5702185d769994e481f4ac2587b2e671d11d74f1575cbcda9c9ddeb377e3af1588ad210f757737971c71285504f7381c0f538ae82e3c3379e15d6069dac6db29c80cb223878d87a861d79e3f0a96292cbc01ab19ace68e74787cc2f0c7fbc2add7afd2b92f1e78e62f10ea505cdb9b908aa07ef988071db6f41f85763751b8a4ad1b1cf154ed26dde573de345bdb69d6ced6d755d890756439fad74d3f895edd5a4b747bd8e2f94cb202030f53915f30691e2c6b38c3a372411d6bb3d3bc6f7579a632bcb32c5b42ee20953f90af2eb61df3e87a54b1092b33a9f1dfc44d2af2395636dae083e58185cf71eb5e3faaf8daeeee6112dc131a317453d10fb5364d42caea4717910336e3f3a9e09a9dfc092df2f9f0279d0b80565456c81ebd2bbe9a8d25638a727377675563e07d5752b1d3afa1d46cee92e177ca904b992dc671f3afad7a5f8761f0b782f52b5b6bb82e6fa775f3a6b99423c6076509d863ae7d475af22d26dee74bb88523768a341b4ec91b247bf35d0dc6a31ddcc0184cae17602c39c573d5a32acb979b42a1888527cd15a94fe26c16ba9789eea5d3ae47f67a12c1c9da08cf0a07b0e2b85b994cd9585f08bf7b8e82bbcb9d212ead5acd6da42e1befa8c90474e7a579878b2eecbc3f70f15ceb7656b2b82be55cdc2465cf6037115ad29c28c1466ec9756295eac9c92dcdd6860b4995a59158b80548edc826bb8d475cd3b48f0f5d8d1a68fceb809e61eaca4af2173fd735e2da46af2ead6e1ade449a0909885c44e1909ee030e339c7e75d04116aa54c56f61733f97f7b682e54fbe0544a4a76717746b1a6e17badcaf0c91b5e3cb221dcf93cf1d7bd66eb3e2011dc10ccaa54636a8c0ab7a9691aeeacc562d36e8150061a320feb5cb6a9f0fbc4eb8ff004094e4e3014923eb8aeb8d54f73274dad899fc4897120694e71d066ae41e278e16555200f41c560eabf0cfc4da6599bb9a18c5b202cf279800403bb67a560c9a7ea31daade4a556da452e926e5c3a8382579cb0cf71e95153114a9a729c924bbe811a356a351845b6fb1e8d16bb16ddc640abd49638005529fc73a5d8ab117265ffaf743203f88e3f5af2abcbaf3afad6cee92792175cef8833449e9b8a83927b0f63cd711f113c31afeb17fa6c7a15d4aa9116f325f30a851f2f3c74efeb5f058ce295edbd8e192b7f33dbe47d9e1787d2a5ed311772ecbfcceca6f12f8c63f895fdaba66bdabde682efe6496d75e5b29e0a950a5c6060020edefd2bbab8f8d3af5ac9fb8d3ed913d6790c847d70c067f0ae1ad34fbeb0d36182e24f39e350ad33701ce06481f5c9fc6a9cba74e76a06dc58e482598311f5af8da99e62e6dc633514fb7fc13e9e395e1534dc2f6ee74b27c6ff16ffc23ba8e88ba8411d9ea72cb2cdb205690170030573928318036e318e315d1e8dfb486abfdbba7dfea487ccd3ed059ac165308ed5a3008c188a90a4e7ef29078ef5e650e9fe5472e5308a493cf5a925b0b7691163b448646042b39da40e39f6ac3fb52bd195fda36fcf53aaa6030d256703d974afdaf75186671abe9a9750997311b2b809b1090141520e48e724b0cd5c6fdaa7ed1af958c3db68d34077493444cd1cbbb1b70acc1971ce40af0fd43c3be4c2a1093bf19c36463ff00ad55db459228cfda237960652a5a34276e7d8576d1cef109293926bcd1c73cab0d356b5be67b36a5f1d2d2e97519e0b973f65f2c928eb1f9c1c64150c416c770067d01ad487e21456166b38d6ed9629409017b95427233d335e056d6f0a4648592174180ed819cf7383eded516a3e1ff00ed2b0093319d95811f6655420039c743f8d7ab4b8a9d27cb569a6be678f88e1f8d4f82a38fe27bfdff00892f2fed638e498cd19c382dc86f43ef58be61edc579dd978b350d3e18a1101102280a26704018c01f4e3b8ef595e23d7c4b71697f7eb042b6a49520724e303a9c9c7b57d4e1f8cb05c8972352ec92b7e07cad4e17c57b569cd35defa9ea726f2b9dfd3daa161bbbd70f71e2c7d4ad52fadeed22846721776594fa83f4a9fc3fe3cb8d421694246f1e701db081bf2c815db1e32cbda6e49a4bad8e67c318d493babfa9dbc16524bd149cfa0ce2ba2b3d26efecebfbd897d98f35e7f7de38b8b5842dbdc59dbb679767562c3fba1720f35e77aa7c41b3babe965706f1d8e5a5f3d979f4c5706238c30b2b7d5d392fb8da96435a9ab56697a1fa00daae8da0afd91ad43dc8dc8972d236e739c723a66b95d6af2d2f2ea1beb392e43e0865970ea4f18c107eb5f2069be38f11dacca60d62ea641ff3d5f7ff00e859ae862f8abe2b8b25f564971d53ecf191ff00a0d7d3c3d9c1f34ddd9c3568d692e5845247d2dac5b59dfb41741fce99e30b2e5482a5781d7a8c015947438e59111616dc73d78af9de0f885e26ba9a629ac4db24015f242951fece00c1fa56ae89f12bc49a4b31fb77db6339c2dcfef319f43d47e75dd0c672ae54f43c9a995b9c9c9a5767b6cba1299022aee34e5d2cc5210c1811d81c578f37c6ad72293ca710798bf77116707f3ae7b59f1ff89353bc62dabdca6fe9140e6251ff007ce2b478c8f4673c728a8f5d9fa9f4dcb6d6da8d8888d9a413b1004eb2b28fc477ab977e0871a5a98ae2d6e8a0639dcb19dd9c617fbdd3db15f20ea9e2ad4a5b548ae75899c36331bccce79f6c9fd6b3ac3c59ad5848ad6d7f736c3d448c1b3ec01ae2a98dbdbb23d5a19536dade4faec8fa7a5f0e45f6812c89223f7553b457a2f8626b36530358fda628f0bb24c00a07d7a9f6af8defbe26789b525f2a7d6b509b1ff4d4ab37d4e726a9afc40f18594812c35fbeb45c9242cef9cfbfcd5954c5d0a8adaa674d1cb3154be292944fb3cdacf67712cb169ca6d839211999bcb1d800dd38ad18b54bc587325b3841d3f76c31fcabe13bff0015ebfabcd04d77a8dddd4d1ffcbc4d33b156ee5496247e7e9525f78af5dd42d560d575bba9ecd31b60b9999c67d704e2b0962a8f5d59d51cb7134dde32b2f5ff00807dbb75acc572c156205dba2ab64e3b9ea69d6276313e5427271fbec93c7d08af81e0f133da6a117d9cb0756189ed98a943db045772bf15fc4f6767227f6dea0540c8c4ec4e40c7249cfeb5a4aa52549cd3d16afc8e3fab56557deddfe27d05fb43f8f340f0b7c37d46db50b622eb524fb3410d9ccd04ee4f519cee0846e0d81c824646723f3be3b37f392cf4f491dd9cb3cf36e2220540dc09c0070073df03d2bd0756d43c4bf103509ef7c41a832da1674b33732199dd037f0f39c127f0f4ae175bd0e586c4adaea06d1c9264b45c65b9e4bb1e9f28071ce3f1afcd7158e58caed41fbab4ee7db60f013a34ed2ddea5dd1746bcd3218fcbd4e169da52f1ea3230f2f00f21067a719dc3d3a74af5cf077ed27e33f87f7cfb3c416fad69d72bfbf835042d22ec4c6e57241fbc79cb1cfa57ce3731c51c66d676ba230860e1760eccccc067ae7818cd6d3469a8e9a96ce854b26cdec31d3b8f419c7e5570f6d1bb8cede88f69c29d5a7c928a76dae7da9f077f6a0b7f8831dcaebd7761a44f8530c51388c6070410c7d791f8d7a26b9f1234fd26d6222f85e175dc1231e63e3df1d07d715f9afa1d9adac8d2ba437aeaa1d56450416ce0671d857471f8e35ab154b94b89acb3906d6161b005182769e14657a01dabbffb5319461eca924df76791fd8d87ab514ea36bc96c7d93abfc58d5354b1b882d20363049f233152ee7fbc0646071c74ee6b8cbfd5a5b968df55bf9e548d711c934e76a8f45e463a57ceedf18bc4f7f63108a5f21324968828c8c7424f4e0f6e6b01b55d43529a3bababd9e590e4a99e666443f8e7009ed5f1f5f0f9863e52962eae9e5b7dc7d061e8e1b0892a30b7e7f79f4941abe9b75308addbed33e0b2a121804ec4fa7e350eb9e36b3d2e331dcb47664f2a8842923e801fd6be7bd0af3c477935c5d0bc96eae379442a46d2d804ede9edc0c0e0d74d0f862e64ba8de5d9a834b1ef984d2b0f2df2037cdce7835c4f2ea54657ab2bd91dd0c473abd8f40b6f1b5bdc34b2468cd8fe271cb0ff657d6a65f19db70d189e000eddb2aec3d40c1ebd4915c4b58e8be1bbc4b8b0f323768d55a69266ea33f38078c9cf4ab37daa46cb1adb471de15e6598031306ed939c1ce7a0fceb95d3a727751bc7bec29d4a94d734e3a1da2eadf696897018b631b78c1f507a1abf2b5b43f299cb9f959490a482063803af19af3dd116e1ae9a5ba702552590160a40f5c81f3718e98ab497d3dac6d389e390bb90db65dea067938fef64e3b563529c272493b5816269c926dd8eb9d9e456b93be4249ca007afa0e07e953d848c59116274f5d879cfafa73f4ae56ebc74b2b35a436fb6e21405b804a0271c6475ff0aa31ebda9ea41ceb0834eb484e577b877917b31e783ee71f4acf96af2bbab7f5d17525e2a10f3476f797da72ee4be983b2f527e6607eb55ad3c3b69a8c708b1bbba5811b7918033f52dfe35c7e9ba569b7d78b7b0991a38d83098ce4213e9c9dbc7d0d69eb1e30bed25648ada479645043247cae76f527be71ebdcd4387bea10bb7e665f5ba5f691e85168fa37929e7169123fbacdd727dfaf6f5ac6d7bc1fa0eb5e545399f08cae0aaae01520e3e607838c11dc5794c9f1026d4a48a68aee60e571b1640a77609da54f6e2b6b4ff195dfd95a4d4668e5dcc591c6e3c8fc303afad691c254a0f9936bf3338632949da51675ba95be8ba7c2f9883ec0241196501783c818014e493902b88bff00104f0496834e82ded6d542a790082251d9989c649e79f6ab7a178bad1756fb65d5ded487211a54f3016f4e33c91d38fe559fe32f8836935bc520b5f310867588c9bb3ce7ee9e3bf1c7ad69468d55254e51724fb9cd5abfb48f32692347c5daa699e22b58a79e6fb04d136246861cee5da08e09c0e73dbb9f4a86c7c23a4496cb2a6a524824f9cb7d8c9393eb91d7e9c571f7962d7ebe7f95756f93bbcb955711162005c92bc7bf3576d34bf14b40a62b299a3fe13f6bed5deb0ee9c1538cad6ee70be79eb2573e86b1f817a0b2802ff504fa3a7f55abe3e09e928c047aa5e9cf5c94181ff7cd6bdade47149ce4e7d05597d598481638f3ea776057ef4e5067e76e5559cfcdf06b4b8db0356bd7ff007827f85443e1569edbd5751bd5e9c82bfd56ba0babd7918154c7afcc3fad57835c919a40232bb4e393d6ab960f648cbda55eb266237c2cb16eba9de1ff0080c63f92d2cdf0a74cdc036a37dc0c0f913fc2b71f5d991b0063fe044ff3a749afddb2e3631cfa1cd4b8c57d945aad55ed2672137c1bd1e3baf39af6ea49bfbe4271f86da737c37d3e1fbb7d78d9ebfbb41fd2ba593569646dc2319ec41c62aadceb129cf1f77deb9a508f63a29d6aa95b98c6ff00857363df50d43f0446fe62ac27c2ad36750c750d43777cc287f9d68a788aecb08d5138ea715b369addc88cee236019386cd6738422af63b28d7aadd9cd9c75c7c37b4590e352bd001202adba803f5a8a6f857647257519a276eaeb6e324fe26b7ae35cb8f30f3fa81fce9d26a72ac6def512a74f4b46c6bf5aabd6573cc67f06f88c48e96fa12dc229c46f26a2b1b38c8eb888e3804601ef58dae785be2659dacb749e1eb1243960206fb418d79c0dacd97e38c91df3ed5ed306ab28651d71f5fea2b5edb54b968dd844e4e7007cdcfe55c788c2c5a6eef5fb8e88665cb6ba4ede47cb8f67e238f4a68af344d59a2f90b0dac304e378c13d3f847181b89dbce2b07c52b7174b6c2d745934075540fe5fefd6418c6703eef4fd7dabe83f196bfab25bcc62b6923ddd1db78c7f515e617179ad4f265e46523b877e4ffdf55f31f568d36d4345e87a9fdb90517ccd1e7da47c37bfd5edd6ea7d43ec8679710bcd0058dd5410dc6ec8395232c40c55e9be15eab05c009ad5a5c21214b471942be80348cabf80635df5adbea32c63325c8da41fbec7f9b568cd6d3b4796477e016fdeb020fa601aeb74a326919c33ca1ecdeabf1ff33cdf4df0e476970c52cb519261b72c61421cf03a1c7604f5ed506ada3ea3aac4ef790decd28ce1a2b52dc10c31d474047e55eb3e1fb089949fb248ce71d25639fcab627d3a08f615b09892339dec71fad652c1c2ea4e5aa3965c4b4ded13c2f4df02abb7972c978a8bf329fb03f030463afbd75ba57c30d22ead5a36d6843f2aa94bbd3e5e06d19236b1e7a71838af4301c2854b37007fb47fad39e199d8936f2871fdd6031f9d71d4a3192b7312b892a2da8dfef3836f8537b75343e478af448e389b31eeb6ba8a4c0e070b1e01038c8eb9e6b564f871e279efa548355d062b60a082d7127073839fdd77cfe95d7e928564e126e3b86041fcab4a4924491b123fe75e456a518bb68cefc3e7b5ad754d2f9b3caf58f80be2ed52d769d6fc3ad10911849f6b6dd91c7dddbcf539e0719f4adeb3fd977c548c668359f0ccf2707ec475a842162719077e47e0be82bd0e3babc48d4acf22b7a86a9849aaccc07da656ff007b38fd6bcff6d2e5e451563be59b3a9655209af5671f1fece3f14357d0ecded0694f05c5b28431dda6edac032ab6f0307919ac7d17f656f883a65bde473269b7d3417f1db4fe45c8f33cd9447b46e7201f9674e808e7af19af76d2135516ea8649e28fd22dc833dbd2b52dbc4f7ba1de492585f4b0ccc009716fbc39ce4160c0e7a0fcab1a5577872249f63ddc22c3e262af168f22f0ff00ec83e3fb3d59a29b455b6332239d46f66593ca5dd21c6d50412368cedcf6f6aa9e20fd8a7e25dc68da94fa74b0ea9ab48e163b48498db1e6609df3796aa30376013d3dabdca6f8e9e2bddf6612fdae33dfec2b9fd1013f9d750bfb433d869f19d47c3be6af0886d9de12140eead91d727ad75c572cf9dc753da596519d3b24fef3e55d1bf62df8f4ba48b05d0f4ff273b835ceaf0a9cedc0e1599472327ae7d7bd66dd7ecebe39875587496d4fc3f6da9cba947617f7d7bba38e0949c6380ca5036d5dc39e7eed7df1e05f8a7a5fc42b59a5d392f2d6480e1a1b92c1978ce4306c1fae6b9fb4f837656baf5f6a3f6b0e975accbae181ed95c0b893c9cb1de58139873923f8b8c6335df4ead0bb7529a6df6396ae57095b959e056fff0004caf115c6a10ddeabe23d1669d230ae9024ea84e58e4fcb9e73cf4e95d237fc13fbc436f2221f12e94f64a9e5080dbb614924eec85e4f6e7b57d393df6b0cb18b7d4fca75392248d4961e87a11f81a964f156ad68b1992d1678d7025912e5c363d5530727db23eb5cd3519db9ff00af43abea54a3f0c51f2bddff00c13ab56d5bcbfb578dac6c04631b6db49771ff00a1afa7a8ef51daff00c13374179a33affc41d6f5145007976962900c020850ccd271e83f5afac6cfc77a6cb712da477aab769f3bdbcae03807bf5ee4638cd68473ea525ba39549548ce41c827d2ba60e14d5a2c9784a32de28f9f7c3ff00b0bfc28f0fc658aead7f7321c992f6e7321f5e91f726ba93fb327c388709fd932c9b463749733313f8e6bd56e6e6e2df6798a91ee3b7e7c9e7b7415246519412f1467fbacbcd672a709bbcd5d9a468c29ab45687c3fa43b9daab13b7a9c55e486779817fdde7a029839fcea4b16d8b9c671d87535664bb4dc18f0141249e95fae49733b9fcc73cdbc8a6d6efd640496fba48c6ea6259bc8c0e71bbb0504feb56e0bcb79240eff315f5c807f4ad2b7b7fb44624511a27a91437638d665396c6147a7dcc8c046bf53d853a6d26e9b185cffbec7fad7490a664023745f45d8a3fa52dd5a91bb6f98efd1cae300fe02b2948afed1abd91c6a695334c32510761bb91f8d366d224321ce1be86ba582022405171e8d9a9ff00b3e4b8939e7fa54b9c57522198d7f2312cfc3c9249f3c0bc7a48c6b6acf4282285996d9d1b82082d9c7e75a56766d1cdb98fcb8233bb18fe79ab891efddb86307039ae79d688962b12f67638e9f4185a4398d0ff00bf8fea2a68ec2345c0d9ff000003fa5745369d10673cf5cf181fc8546f688d8da18fd4e6b3f6d123da6267bc99956ba7c636603b7fc0c8fe55a305a85dd904fb31c8ad286ce30aa4c18c7fb157d15a35006fff00be6b09e2135645aa5565bb3cdfc49a2b4d6b284b48ae0b75548882df42075ae21bc28fc7fa3cd0a0ede60181f435ed7ace9b3ccb9585e603b3945fcb22b03fb29c32ac96b1a29386cdc0047d315c92ad0348e164f73cf34ff0cc2d182624463d3cc90b63f018adc7f0e466163e446e992170597ff417aed21d250ed6478e3e00386dd9157068f1dc2b03282feed9cd72fb6bf99e947073ed6389d37c3e9131023d9efb89cfe64d5d9344f314a84c0ec3d2bb183c38b0c2a16343ebc96fe74f8749c367319c766ce7f5a89d681dd472f9f36c715ff08fc6ff002b4032dfc438a7da784a3f2fe553193d890327ea335df268bbdbf7631e8d807f9d588b45b855cfef24cfa8181f4c9af13115e0ae7d1e1b2ea9a58e063f08eec33a0793d002e7f124d591e057b86dd140581058e07200f5af46d2b469599982e4e32e436368f53515f5dc9a7b14f3618f3f74ee0148f73fe00d785394a527ca7d461729725668e42dbc136f1e566332ba9c796910dd9c039ebef4c55d1acee0e10c803658b2b650fa60753ef9aeae4bb0f63219e4c230c6f75f2b23fdf61b88ff00756b9c99639edcaf9491a7f0a439507ea4924fe94428ff0031f5986c8e9ce5f09992f89269362c10878d497582d882587180d804fe7556e753bdbbc04b768dd80dc436e3ee36e056cdad9f956cf122c288f9c84e38359b737f6ba67c8855e41ff3cc7f3ae951a71f84faec3e511a7f64d0b3d1628d449294f30ff70375ef9cf7acdf12e93a72c3b845f3f3f3ec1bbf326b2ae350d5752908493ecf19f41827f1a743a03b62499d6673fc4c326b37552d8f53d8d2a3133ace186dd84b133c6e3a1462a41fa8af48f07f8efc552dc59c104979ab408e55a2455394ed972bc57356da24b79208e089a590f4451c9af62f875a35ef87f49962ba06169183aa2be70318e78eb53099e5d5494b4476705cc8635665642c012adc107d28b8b9fdd9f97f5acd911db1b4e29e9014ce78cd741c4d5875da79f6ecc2da33212080114023eb835c3eb1a6bf87d99b4bd1ad6c518ee90595d084ce3e524b20880243038e467009cf41db5c091be48d993d4af5aab247e4c25428958f761dfbe4d5c41d3bf534fc2fa25ccda6db5dc5ad6a2b64f81f65645600f76cb06ea7ebf8574cd751c3842e72a31f31e6b84b0d51b4593ce8e77f2cabef832c55871c81cf20e39ad483c6b6491ed9a1bc57071f2c7bc11eb9aa39bd948f9594c71a8cf9391d37c8d8fcb3424823500a5a818dca026067dfb55e49046b812337d016fe5d29bf690926e56473d804e33f5cd7e9fedbc8fe3d787bf52adb4d249232e03138c3a8da3f2e83f2ad9b68a69b0caa88a176874ce40fc40aa715dc81b236ae3fbb804fe24e2ae41a93162a668a33dc2ed63fa13513acf4b174f0aa2eed1621b6bb122ecb8df82096f276807d39e7f4ab66dae1548674c9e1d8a8271f862aa4531ddcc8e777f10da8cc3db83fcea485848d905db1f8d71fb77d59db1a09ec855b67590a82c13f848cf4fc8feb56d230b22960197d4a838fcea3b728d82f1b46e7a31ad84b7f35430193d8e40c7e66b9675a275430cd6c8ade446d8c066c00b9042803df02acadac6d9c0db4fb6d3a57f9a4f910727e4c0fc4e7f4ad4b3d3cbc714cae8d27390e3008efd315cf2ad13ae183aaddac528ec4c9b7cb2fcf5f9a9a74f10b1542c0ff001053cd75167a56173ee4d584d33ca60319dbebd0d703c5dba9e9d2cb94ed7306df4f76c2f97b71ddc85ababa3a2e77b2ff00c0b8adbb7b5c2e42e49e838feb56a2b65f39155725bb2f07f0ae1a98db5b53d68658af668e6ee7416923fdd9df8ebc5555d074f12176071d1728a38fcabb616036866031df728600fe34c8b4b7590f986d9d3a3394e87dd739ae178fb1ead2ca9eb6471b168d6ebcf97b48208600e3f954f0e9d2471831aee07d7835d4cb6b696cced34a228bfd8c823e9926aac9a9d95aee368b2dc1ea4ed2140f73fe15cd2c5d597c27b34727f7763223d2a46dbe645e4eee848c0a9d3488a3503ce2bf53d6a0bcd565b96468ed9170721b0147eb54af2f8bb2eeb924f390c32a0fd6a39aa4b7763dcc364baa722dddadad8fcf130775fbc00271f9115561d4ee6e94fd8a1620024dd361100f7c9ac8bcd7f4fb1625e317175ff4d1bf928381f8d72fab7892f750528d72638cfdd8d5b72a8fa74fd2a9452dcfaec1e48f46a3a1d0eade253129fb6ea725e63fe595b9091e3d371c67f2ae3efbc61733315b3812da23ff002d7386fcf19fd6abff0067fda24f31d8cc7fbc7bd5a8b4a2338741f8d0dd8faaa39552a5f122b5acaed224b7286ea6ecd236403f4c569c52cbe59794617dba0a72e9a53383fa50da14b3619e6dc0ff00096e2b9dcac7a6a9c21e464ea3ab19f31c6fc1fe04249fd05534d36e1d86d82654fef6315d0dbe8e22c151c8ef5a71692675c95271ea3153ce54a74e1b1cfdada0b7ff005a8eefdf9cd68c719b9db95c7e35b967e1d40c0ec64cfa8ad3b7d19206276e7f4accf26ace37b5cd0f03c496dbcf90170bf7cae08fa5765e67b7eb597a2d9a5adaa1316c63d466b42baa2ec7953dee49feb3db1530ca753bb355d1f6e7bd489209338ed5b1c5309331b2963c8e484f97029937decfad13170bf7b39eab8ea298176ff014fad06642de63485cc7b704e003c63d6ab35bbee62b249192725554e07a7f17a62ae3b3a292a391d4547f68ff006bff0022ff00f5aaf98a6ee7cdf16fe77163f539a93ecb2b2868da327d4f38ab11c0cac32320f4088327f13d2b512c6469800df2201929c003d7a0afb2788b753f97d60afd0a11d9b4790fc9f446e945de9d3cd6e04778f6241c908149c7a7cc0d684368cd75d3721fbadeb5a70585b7cdb81913be4f4ae6962b97a9db4b2f7292b23909fc3b72ec59fc4fa946b8254c5f651fca1240fa56de81a2c7a6dc4a6df51bbbd5971be4bd94b05233f778000e7b0f4adfb3b7f2a6dab188d189c38072be8320569dab4535c202a571f7811c13ec6b8a78cb2bdcf5e9e5d27683d515a0b179153326d7cee670a08603eb5a76f6368b9cbacb2608dacdd41e87fc9ab70e9bfb962f1818c95c01f80e6afdae931de5c2c855951491824a863dc648fcc7d2bcba98e4d5d33d1865db4790cffb3c0ab0a1e5f68fde0ebf956ac5662787cd508a7b374cd4ebe1f8cc814be5dc939ce6b520d362b4b5588870edf7827f11ae29e31cad63d5a3962e5d534574d2e4650c03239fe206ad5b6950bb2b9c83dd81ef4e86f2dede451bc49c60a82df281df9ab32eb91dba858a02898cef2dfd315c2ea5496c7b54f2e8c55ac392c63b6608c7cb0480486c0fcbe98fce9ed15b25c7cd3b86c1254f423d2b9cb8d4a392e1ddae8b31ea546083e82a90bb9a59818b7c687a8f5aae59cbe23d4a796ab26d1da5d6b3a7e9ebb998a3121461829cfa735cfea5e22fb62b469f221fba76856f6e95ce5f5e9691c2b339507049ce4fa66b94d5bc5da858de4705be99398c9c34a66f9557b9ce6b554e303d8a397c63ef72dcec2eeee36e0b091fd73d3ea2a95ddc411c7bae26c81d50b140a3df15cfea9e35d3e0fdd2b24d30ea80e5bffaf5cfcd35e6b0c7ceff004484921517ef11ea7d2b5e73eab0d9449b529e88dbd5bc5d0098c516673d9625c0158771aa5f5ef258c487f841cd5a8349b6857006df73c9357e2b08b9d87ebc51ce7bd4b094696d139f4b295b3bd9c7a73522586c6cedcd74df618bfbff00a7ff005ea3fb2c67a1cfe152ddce9b9851db499e0e3f0ab5f6563f7a5ffbe4d6ab74ab31da673bbf0acdbb112918cab22f0adb89edd2a68ecaeeeb6f3fa56ec3a70db93c66b5acad91081d6b130955e5e873f69e17b995811214fa0ad38bc2f74171e73f15bf1c6e73b5987d2ac468e73f332fd4e6a92b9e3cebca473f6de1fb98f7032ee1c606e031c73d07af35a8349961605db3e9d0ff00202b57ca7ff9e84fd79a8997756c70bab265eb4844d0826ad8882f4e2abdb208d4815248fe5ae719a0e66ee23a3b639d9fae69a6e10293cb63b28c9a87cc27af34d0ce19897621baa9e9f85073b56278f3711a9963f2cf74ce7f5aaf71218143074541fc2e383f8f6a4fb788e40823672480c57a01edebf4ab2cfbf1c63d8f5ad20495e269278c310a7fdd6c8fc0d27d9caf0b26d1e98a2691f808a093fdee94cf39ff00e79b37ba9e2b403c6ed57c8ba6428de611b4b0e78abd3a3c71af19c1c0e838fc05588edff785bcb07d01e79abb6f018d4ab1f9875c74ae89e29cad63f258e0b99d8cfb7497c90d0c402024066e40abb6d0a4db82aa96930582a8008f5c76fa0abf07951c65a4554fee82dc0f5c55cb448a4cb431fd9ce7019cf3f5c579f2c4ccf469603708b4cd908d8999188196e07e22b424b48a285226018839db10e41ee3f95468f1f9996df7257a9c8c67f1ab7697891e59e48605ceec6ee403ef5cbcd37e67a74f05caef62e5af991dba08a231a2aed0d236d23f234fbb817ed077b6ec60ac51649c8ce4924e0f6f4fc6b22e756b1b166532177dbb792704fa8c1fe86b3e7f124923116b1f943206e1c1aa54a4fa1e8d3c272bbd8ea66b89d5808e44b4403938e7ea4f41f4e6a9bf8805831692f4ca075ddf3127e9deb9b9efe7ba9137b177ce4633fd0d531115607fd5c7fc6aa4e18fbf39fcab7541753d486112dce8ef7c486e630106cf46c60fe54c7bf0d181712150c32549cedfc2b9d9754f258a26d450012c0720fa1f5acfbed6c2afcf3650746735af225b1e9d3c2733b58eadb58b7b78c6c55723b9e9f8552bdf10a6ddcf286f40495007d2b85bbf104972a52de332b0fe2607683f81aabf6496ff00e7bb226f441f771ee28e73dda1973935292b2356ff00c6f24ecd0d9a199bb60fca0f6e6b16e2daf753e6f2e8e3b4701da00fad6a47691a2e0c407fbbc0a97007418accfa0a3429d1f856a64db69f1d9ffaa41163a11d7f1abbe59ecd8fc2acfcff00ddfd69cb1bb67e5c50778c484be72f9fc2ad2bc8bd0e6a34475cfcb9a77cff00f3cd8fd39a006ab4ad9e31422cabdf35379a47403f119a9a2ba3bb04673ef410dd823b57e6b4ad90ac7cf7a8a2ce0e066aec4afbb3b00c7a7158b7738aa3bd8b50a6fcf35a16e9b4e73d2a181b2c87d6b461b71b705718a93cb948b36e9e5ae339ab9b8003271559234560db46feee06188fad4a26f6fd6a93b1e6c8734c8b8e696d369f988cfb55619958002ad4316d5c67a50ddcc790959b6d319b754329fde05fd697ccf6fd6b6316ae10c096fb822850c771006324f53f89a64fe7ee8ca61403f30619c8fe94ff0033dbf5a55937e76b631418b7608dcbae4a14f66eb4a9207ce3b75fad24ace91929f7bd6aa431cd1ccecf70658ce36a328247e26a9bb9896d9449d0f4f6a4f2fdff004a6bbeec718a8bccf6ad80e42283cc646539ff00648e07e14971feadd46c18e85fb567465e0ddb26c1236869a424e3f1a9c6af696b32b4999a703188867f4ed5e77237b1f331a09ec86c16b3f98cf340657fe1f297902aedbea116d26f9f70ddf2847236ff00b3f375fad67bea5793b6211e442dd77919fd2a84fe54726eb8df34980447d47e55d3ecf9be2477c695fe235eef5a793fe3d159ceefbdf2f6e9923dbf9555692e5b779931c37f0af048a23de162391121cf538dbfe1514ba9dbd9ac9b17ce91863a649fc3bd6ca2a3b1d91a29ec89d2dc26486010ff00131e4ff8d4b7334512a48ccadd7001ac797529278c191c87fe1c1e07a71ec2b1b5ad7ed2dfe59640f8185407b7d6a8f568e0ea54d8e9c6aa91a8f336094fde00e147d2a85ff8962b5b56324c23cf50afc63f2ae267d62f75361e4c6d6b0bff00115c1c7d3ad2db68d6dc48dfbd93fbce2b399f49432b49273341fc4f3df2ecb484a276790702a15b592493cc9e5372fefc2fe55620d3f7329dccdf5ed5a0b6523f419accf62146953562043b171d6adab96e876d4c966e99eff853c5b11d57341aa5621452d9cb66ac441c67e4fd6acc36e02e0ae31fad4b6c91c9c2f24f6acf9c1bb15e35739f93f5a9f7a7fcf303e9c55a16a57a0c52b5b9ec73f851ce4395c83e45f6a4dd9fbad5656d1daa61a711d4e7f0acccdce2ba9556dcc8a09156e38523cf19cd48b6afb40f4f6a95ad8a745eb51cc6529ae824489cfcbfad5d8a34e7e5fd6a08acd39ab71458079a6dd8e4993a98d3a8c67deac2b6daab938e0e2ac4533f3d0fd466a8e29922bbb7f17e952f9e4756c546b3b77543ff0001a74b2e71c5073cc9adbef13e95719f6638cd53864dab8c74a951b70ad20612249d373673d6a364dcca73d297e73fed7e9524dbf8dbf8d6871486556b98e7693724fe5ae001f20247af27f0a9848e7ef0fa52b2eea0c3988e094953b9995bd4af5a496e5e3dbf2349938e3b7bd3d9b7573dac78ad34d658cdbc8ace40db2290c41ee3071dbae682545cb637cb05ea7149b93fbdfa554b799ee2de393638dc327cc1b5b3f4a92824f2e9a39197cd95c8cf5238514e8d826cfb323600cb6ee0027de8a2ba0e3e551d8b1f68063fdeca5874648fd7dcd0353481408a1cfa9ea68a283ae30894a4d57385dd807ab3b76fa63158979af5b5a31512658761d49ed45141f4384a14ddae8c97bebed55b2dfe8709e9d9b1dab46cf41b7b657b82c8fb06e67739da07524f41c668a2b399f4718a8c558b36f17dbe1492161242c320af461ea3dab422b3cae76f5a28accda5d0b714239c7157a28baf345159cc826863c4639ab2b1abe723a514566448b71409cf1447a6c4921741b4d14504127d85fd6ac25918f381d68a2a2461cce5b938b70fd4f4a45b6cfdd1f5a28a910f19ee314cf2fdff004a28a0c09557754b1459cf345141121c60cf6dd53476afcf24fd4e68a2839aa49ab5873dbba636bb367ae6a068de5640cb9c1c8cf63eb45155124b08a57396dd5657a51456f0392428709d7bd3bccf6a28ad0e290a588ea7354fcf95267f3047e463e593792f9f42318fc413451410536d5144d3c2f6b7a8232079e2dc946e339523391f853ded6112069033e0e406624647d68a28025336d6233b71fad1e7ff00b7fa51450739ffd9);

-- --------------------------------------------------------

--
-- Struktur dari tabel `wisata`
--

CREATE TABLE `wisata` (
  `id_wisata` int(11) NOT NULL,
  `nama_wisata` varchar(100) NOT NULL,
  `deskripsi_wisata` varchar(200) NOT NULL,
  `images` longblob NOT NULL
) ENGINE=InnoDB DEFAULT CHARSET=latin1;

--
-- Dumping data untuk tabel `wisata`
--

INSERT INTO `wisata` (`id_wisata`, `nama_wisata`, `deskripsi_wisata`, `images`) VALUES
(4112, 'Wisata Baru Lagi', 'Merupakan wisata yang baru dibuat', ''),
(6724, 'Wisata Baru', 'Merupakan wisata yang dilakukan orang kebanyakan', '');

-- --------------------------------------------------------

--
-- Struktur untuk view `info_paket`
--
DROP TABLE IF EXISTS `info_paket`;

CREATE ALGORITHM=UNDEFINED DEFINER=`root`@`localhost` SQL SECURITY DEFINER VIEW `info_paket`  AS  select `paket`.`nama_paket` AS `Paket`,`hotel`.`nama_hotel` AS `Hotel`,`kendaraan`.`nama_kendaraan` AS `Transportasi`,`paket`.`pax` AS `Jumlah`,`paket`.`harga` AS `Harga` from ((`paket` join `hotel`) join `kendaraan`) where `paket`.`id_hotel` = `hotel`.`id_hotel` and `paket`.`id_kendaraan` = `kendaraan`.`id_kendaraan` ;

--
-- Indexes for dumped tables
--

--
-- Indeks untuk tabel `admin`
--
ALTER TABLE `admin`
  ADD PRIMARY KEY (`id_admin`);

--
-- Indeks untuk tabel `hotel`
--
ALTER TABLE `hotel`
  ADD PRIMARY KEY (`id_hotel`);

--
-- Indeks untuk tabel `jual`
--
ALTER TABLE `jual`
  ADD PRIMARY KEY (`id_jual`),
  ADD KEY `id_admin` (`id_admin`),
  ADD KEY `id_pelanggan` (`id_pelanggan`),
  ADD KEY `id_paket` (`id_paket`);

--
-- Indeks untuk tabel `kendaraan`
--
ALTER TABLE `kendaraan`
  ADD PRIMARY KEY (`id_kendaraan`);

--
-- Indeks untuk tabel `paket`
--
ALTER TABLE `paket`
  ADD PRIMARY KEY (`id_paket`),
  ADD KEY `id_kendaraan` (`id_kendaraan`),
  ADD KEY `id_hotel` (`id_hotel`),
  ADD KEY `id_wisata` (`id_wisata`);

--
-- Indeks untuk tabel `pelanggan`
--
ALTER TABLE `pelanggan`
  ADD PRIMARY KEY (`id_pelanggan`);

--
-- Indeks untuk tabel `wisata`
--
ALTER TABLE `wisata`
  ADD PRIMARY KEY (`id_wisata`);

--
-- Ketidakleluasaan untuk tabel pelimpahan (Dumped Tables)
--

--
-- Ketidakleluasaan untuk tabel `jual`
--
ALTER TABLE `jual`
  ADD CONSTRAINT `jual_ibfk_1` FOREIGN KEY (`id_admin`) REFERENCES `admin` (`id_admin`),
  ADD CONSTRAINT `jual_ibfk_2` FOREIGN KEY (`id_pelanggan`) REFERENCES `pelanggan` (`id_pelanggan`),
  ADD CONSTRAINT `jual_ibfk_3` FOREIGN KEY (`id_paket`) REFERENCES `paket` (`id_paket`);

--
-- Ketidakleluasaan untuk tabel `paket`
--
ALTER TABLE `paket`
  ADD CONSTRAINT `paket_ibfk_1` FOREIGN KEY (`id_kendaraan`) REFERENCES `kendaraan` (`id_kendaraan`),
  ADD CONSTRAINT `paket_ibfk_2` FOREIGN KEY (`id_hotel`) REFERENCES `hotel` (`id_hotel`);
COMMIT;

/*!40101 SET CHARACTER_SET_CLIENT=@OLD_CHARACTER_SET_CLIENT */;
/*!40101 SET CHARACTER_SET_RESULTS=@OLD_CHARACTER_SET_RESULTS */;
/*!40101 SET COLLATION_CONNECTION=@OLD_COLLATION_CONNECTION */;
